"ensembl_gene_id","symbol"
"ENSG00000000457","SCYL3"
"ENSG00000001036","FUCA2"
"ENSG00000001084","GCLC"
"ENSG00000001167","NFYA"
"ENSG00000001461","NIPAL3"
"ENSG00000001497","LAS1L"
"ENSG00000001629","ANKIB1"
"ENSG00000001631","KRIT1"
"ENSG00000002549","LAP3"
"ENSG00000002586","CD99"
"ENSG00000002834","LASP1"
"ENSG00000002919","SNX11"
"ENSG00000003056","M6PR"
"ENSG00000003393","ALS2"
"ENSG00000003402","CFLAR"
"ENSG00000003509","NDUFAF7"
"ENSG00000003756","RBM5"
"ENSG00000004142","POLDIP2"
"ENSG00000004455","AK2"
"ENSG00000004478","FKBP4"
"ENSG00000004487","KDM1A"
"ENSG00000004700","RECQL"
"ENSG00000004766","VPS50"
"ENSG00000004864","SLC25A13"
"ENSG00000004866","ST7"
"ENSG00000004897","CDC27"
"ENSG00000004961","HCCS"
"ENSG00000004975","DVL2"
"ENSG00000005007","UPF1"
"ENSG00000005020","SKAP2"
"ENSG00000005022","SLC25A5"
"ENSG00000005156","LIG3"
"ENSG00000005175","RPAP3"
"ENSG00000005194","CIAPIN1"
"ENSG00000005243","COPZ2"
"ENSG00000005302","MSL3"
"ENSG00000005436","GCFC2"
"ENSG00000005469","CROT"
"ENSG00000005483","KMT2E"
"ENSG00000005486","RHBDD2"
"ENSG00000005700","IBTK"
"ENSG00000005810","MYCBP2"
"ENSG00000005812","FBXL3"
"ENSG00000005882","PDK2"
"ENSG00000005889","ZFX"
"ENSG00000005893","LAMP2"
"ENSG00000006007","GDE1"
"ENSG00000006125","AP2B1"
"ENSG00000006194","ZNF263"
"ENSG00000006451","RALA"
"ENSG00000006530","AGK"
"ENSG00000006576","PHTF2"
"ENSG00000006607","FARP2"
"ENSG00000006625","GGCT"
"ENSG00000006652","IFRD1"
"ENSG00000006695","COX10"
"ENSG00000006712","PAF1"
"ENSG00000006715","VPS41"
"ENSG00000006744","ELAC2"
"ENSG00000006831","ADIPOR2"
"ENSG00000007047","MARK4"
"ENSG00000007168","PAFAH1B1"
"ENSG00000007202","BLTP2"
"ENSG00000007341","ST7L"
"ENSG00000007923","DNAJC11"
"ENSG00000008018","PSMB1"
"ENSG00000008130","NADK"
"ENSG00000008256","CYTH3"
"ENSG00000008282","SYPL1"
"ENSG00000008294","SPAG9"
"ENSG00000008324","SS18L2"
"ENSG00000008394","MGST1"
"ENSG00000008405","CRY1"
"ENSG00000008838","MED24"
"ENSG00000008869","HEATR5B"
"ENSG00000008952","SEC62"
"ENSG00000009307","CSDE1"
"ENSG00000009335","UBE3C"
"ENSG00000009413","REV3L"
"ENSG00000009780","FAM76A"
"ENSG00000009830","POMT2"
"ENSG00000009844","VTA1"
"ENSG00000009954","BAZ1B"
"ENSG00000010017","RANBP9"
"ENSG00000010072","SPRTN"
"ENSG00000010165","METTL13"
"ENSG00000010244","ZNF207"
"ENSG00000010256","UQCRC1"
"ENSG00000010270","STARD3NL"
"ENSG00000010278","CD9"
"ENSG00000010292","NCAPD2"
"ENSG00000010322","NISCH"
"ENSG00000010361","FUZ"
"ENSG00000010539","ZNF200"
"ENSG00000010803","SCMH1"
"ENSG00000010810","FYN"
"ENSG00000010818","HIVEP2"
"ENSG00000011007","ELOA"
"ENSG00000011009","LYPLA2"
"ENSG00000011114","BTBD7"
"ENSG00000011143","MKS1"
"ENSG00000011198","ABHD5"
"ENSG00000011243","AKAP8L"
"ENSG00000011258","MBTD1"
"ENSG00000011260","UTP18"
"ENSG00000011275","RNF216"
"ENSG00000011295","TTC19"
"ENSG00000011454","RABGAP1"
"ENSG00000011465","DCN"
"ENSG00000011485","PPP5C"
"ENSG00000011566","MAP4K3"
"ENSG00000012061","ERCC1"
"ENSG00000012660","ELOVL5"
"ENSG00000012822","CALCOCO1"
"ENSG00000012963","UBR7"
"ENSG00000012983","MAP4K5"
"ENSG00000013275","PSMC4"
"ENSG00000013306","SLC25A39"
"ENSG00000013364","MVP"
"ENSG00000013374","NUB1"
"ENSG00000013375","PGM3"
"ENSG00000013441","CLK1"
"ENSG00000013503","POLR3B"
"ENSG00000013523","ANGEL1"
"ENSG00000013561","RNF14"
"ENSG00000014123","UFL1"
"ENSG00000014138","POLA2"
"ENSG00000014216","CAPN1"
"ENSG00000014641","MDH1"
"ENSG00000014824","SLC30A9"
"ENSG00000014919","COX15"
"ENSG00000015171","ZMYND11"
"ENSG00000015479","MATR3"
"ENSG00000016864","GLT8D1"
"ENSG00000017260","ATP2C1"
"ENSG00000017797","RALBP1"
"ENSG00000018189","RUFY3"
"ENSG00000018510","AGPS"
"ENSG00000018610","STEEP1"
"ENSG00000018699","TTC27"
"ENSG00000019582","CD74"
"ENSG00000019995","ZRANB1"
"ENSG00000020922","MRE11"
"ENSG00000021574","SPAST"
"ENSG00000021776","AQR"
"ENSG00000022277","RTF2"
"ENSG00000022840","RNF10"
"ENSG00000022976","ZNF839"
"ENSG00000023041","ZDHHC6"
"ENSG00000023228","NDUFS1"
"ENSG00000023287","RB1CC1"
"ENSG00000023318","ERP44"
"ENSG00000023330","ALAS1"
"ENSG00000023697","DERA"
"ENSG00000023734","STRAP"
"ENSG00000023902","PLEKHO1"
"ENSG00000023909","GCLM"
"ENSG00000024048","UBR2"
"ENSG00000024862","CCDC28A"
"ENSG00000025156","HSF2"
"ENSG00000025293","PHF20"
"ENSG00000025770","NCAPH2"
"ENSG00000025772","TOMM34"
"ENSG00000025796","SEC63"
"ENSG00000025800","KPNA6"
"ENSG00000026025","VIM"
"ENSG00000026297","RNASET2"
"ENSG00000026950","BTN3A1"
"ENSG00000027001","MIPEP"
"ENSG00000027697","IFNGR1"
"ENSG00000028203","VEZT"
"ENSG00000028310","BRD9"
"ENSG00000028528","SNX1"
"ENSG00000028839","TBPL1"
"ENSG00000029363","BCLAF1"
"ENSG00000029364","SLC39A9"
"ENSG00000029639","TFB1M"
"ENSG00000029725","RABEP1"
"ENSG00000029993","HMGB3"
"ENSG00000030066","NUP160"
"ENSG00000030582","GRN"
"ENSG00000031003","FAM13B"
"ENSG00000031698","SARS1"
"ENSG00000032219","ARID4A"
"ENSG00000032389","EIPR1"
"ENSG00000032742","IFT88"
"ENSG00000033030","ZCCHC8"
"ENSG00000033050","ABCF2"
"ENSG00000033170","FUT8"
"ENSG00000033627","ATP6V0A1"
"ENSG00000033800","PIAS1"
"ENSG00000034533","ASTE1"
"ENSG00000034677","RNF19A"
"ENSG00000034693","PEX3"
"ENSG00000034713","GABARAPL2"
"ENSG00000035141","FAM136A"
"ENSG00000035403","VCL"
"ENSG00000035681","NSMAF"
"ENSG00000035687","ADSS2"
"ENSG00000035862","TIMP2"
"ENSG00000035928","RFC1"
"ENSG00000036054","TBC1D23"
"ENSG00000036257","CUL3"
"ENSG00000036549","ZZZ3"
"ENSG00000037241","RPL26L1"
"ENSG00000037474","NSUN2"
"ENSG00000037637","FBXO42"
"ENSG00000037897","METTL1"
"ENSG00000038002","AGA"
"ENSG00000038219","BOD1L1"
"ENSG00000038274","MAT2B"
"ENSG00000038358","EDC4"
"ENSG00000038532","CLEC16A"
"ENSG00000039123","MTREX"
"ENSG00000039523","RIPOR1"
"ENSG00000039650","PNKP"
"ENSG00000040275","SPDL1"
"ENSG00000040341","STAU2"
"ENSG00000040633","PHF23"
"ENSG00000041357","PSMA4"
"ENSG00000041802","LSG1"
"ENSG00000042088","TDP1"
"ENSG00000042286","AIFM2"
"ENSG00000042429","MED17"
"ENSG00000042445","RETSAT"
"ENSG00000043093","DCUN1D1"
"ENSG00000043514","TRIT1"
"ENSG00000044090","CUL7"
"ENSG00000044115","CTNNA1"
"ENSG00000044446","PHKA2"
"ENSG00000044574","HSPA5"
"ENSG00000046647","GEMIN8"
"ENSG00000046651","OFD1"
"ENSG00000047188","YTHDC2"
"ENSG00000047249","ATP6V1H"
"ENSG00000047315","POLR2B"
"ENSG00000047346","ATOSA"
"ENSG00000047410","TPR"
"ENSG00000047579","DTNBP1"
"ENSG00000047621","FERRY3"
"ENSG00000047849","MAP4"
"ENSG00000047932","GOPC"
"ENSG00000048028","USP28"
"ENSG00000048162","NOP16"
"ENSG00000048392","RRM2B"
"ENSG00000048649","RSF1"
"ENSG00000048828","FAM120A"
"ENSG00000048991","R3HDM1"
"ENSG00000049167","ERCC8"
"ENSG00000049245","VAMP3"
"ENSG00000049449","RCN1"
"ENSG00000049541","RFC2"
"ENSG00000049618","ARID1B"
"ENSG00000049656","CLPTM1L"
"ENSG00000049759","NEDD4L"
"ENSG00000049860","HEXB"
"ENSG00000049883","PTCD2"
"ENSG00000050393","MCUR1"
"ENSG00000050405","LIMA1"
"ENSG00000050426","LETMD1"
"ENSG00000050748","MAPK9"
"ENSG00000051108","HERPUD1"
"ENSG00000051382","PIK3CB"
"ENSG00000051596","THOC3"
"ENSG00000051620","HEBP2"
"ENSG00000051825","MPHOSPH9"
"ENSG00000052723","SIKE1"
"ENSG00000052841","TTC17"
"ENSG00000053372","MRTO4"
"ENSG00000053501","USE1"
"ENSG00000053770","AP5M1"
"ENSG00000053900","ANAPC4"
"ENSG00000054116","TRAPPC3"
"ENSG00000054118","THRAP3"
"ENSG00000054148","PHPT1"
"ENSG00000054267","ARID4B"
"ENSG00000054282","SDCCAG8"
"ENSG00000054611","TBC1D22A"
"ENSG00000054983","GALC"
"ENSG00000055044","NOP58"
"ENSG00000055070","SZRD1"
"ENSG00000055130","CUL1"
"ENSG00000055147","FAM114A2"
"ENSG00000055163","CYFIP2"
"ENSG00000055208","TAB2"
"ENSG00000055211","GINM1"
"ENSG00000055332","EIF2AK2"
"ENSG00000055483","USP36"
"ENSG00000055609","KMT2C"
"ENSG00000055917","PUM2"
"ENSG00000055950","MRPL43"
"ENSG00000056050","HPF1"
"ENSG00000056097","ZFR"
"ENSG00000056972","TRAF3IP2"
"ENSG00000057252","SOAT1"
"ENSG00000057608","GDI2"
"ENSG00000057663","ATG5"
"ENSG00000057757","PITHD1"
"ENSG00000057935","MTA3"
"ENSG00000058063","ATP11B"
"ENSG00000058262","SEC61A1"
"ENSG00000058272","PPP1R12A"
"ENSG00000058600","POLR3E"
"ENSG00000058729","RIOK2"
"ENSG00000058799","YIPF1"
"ENSG00000058804","NDC1"
"ENSG00000059573","ALDH18A1"
"ENSG00000059588","TARBP1"
"ENSG00000059691","GATB"
"ENSG00000059758","CDK17"
"ENSG00000059769","DNAJC25"
"ENSG00000060237","WNK1"
"ENSG00000060339","CCAR1"
"ENSG00000060642","PIGV"
"ENSG00000060688","SNRNP40"
"ENSG00000060749","QSER1"
"ENSG00000060971","ACAA1"
"ENSG00000061676","NCKAP1"
"ENSG00000061794","MRPS35"
"ENSG00000061918","GUCY1B1"
"ENSG00000061936","SFSWAP"
"ENSG00000061987","MON2"
"ENSG00000062194","GPBP1"
"ENSG00000062485","CS"
"ENSG00000062598","ELMO2"
"ENSG00000062650","WAPL"
"ENSG00000062716","VMP1"
"ENSG00000062725","APPBP2"
"ENSG00000063046","EIF4B"
"ENSG00000063177","RPL18"
"ENSG00000063244","U2AF2"
"ENSG00000063322","MED29"
"ENSG00000063601","MTMR1"
"ENSG00000063761","ADCK1"
"ENSG00000063854","HAGH"
"ENSG00000064102","INTS13"
"ENSG00000064115","TM7SF3"
"ENSG00000064225","ST3GAL6"
"ENSG00000064313","TAF2"
"ENSG00000064419","TNPO3"
"ENSG00000064601","CTSA"
"ENSG00000064607","SUGP2"
"ENSG00000064652","SNX24"
"ENSG00000064703","DDX20"
"ENSG00000064726","BTBD1"
"ENSG00000064933","PMS1"
"ENSG00000064995","TAF11"
"ENSG00000065000","AP3D1"
"ENSG00000065029","ZNF76"
"ENSG00000065135","GNAI3"
"ENSG00000065150","IPO5"
"ENSG00000065154","OAT"
"ENSG00000065183","WDR3"
"ENSG00000065243","PKN2"
"ENSG00000065427","KARS1"
"ENSG00000065518","NDUFB4"
"ENSG00000065548","ZC3H15"
"ENSG00000065559","MAP2K4"
"ENSG00000065613","SLK"
"ENSG00000065615","CYB5R4"
"ENSG00000065802","ASB1"
"ENSG00000065809","FAM107B"
"ENSG00000065833","ME1"
"ENSG00000065882","TBC1D1"
"ENSG00000065883","CDK13"
"ENSG00000066027","PPP2R5A"
"ENSG00000066044","ELAVL1"
"ENSG00000066117","SMARCD1"
"ENSG00000066135","KDM4A"
"ENSG00000066136","NFYC"
"ENSG00000066322","ELOVL1"
"ENSG00000066379","POLR1H"
"ENSG00000066422","ZBTB11"
"ENSG00000066455","GOLGA5"
"ENSG00000066557","LRRC40"
"ENSG00000066583","ISOC1"
"ENSG00000066651","TRMT11"
"ENSG00000066739","ATG2B"
"ENSG00000066777","ARFGEF1"
"ENSG00000066926","FECH"
"ENSG00000067064","IDI1"
"ENSG00000067141","NEO1"
"ENSG00000067167","TRAM1"
"ENSG00000067182","TNFRSF1A"
"ENSG00000067208","EVI5"
"ENSG00000067225","PKM"
"ENSG00000067248","DHX29"
"ENSG00000067334","DNTTIP2"
"ENSG00000067365","METTL22"
"ENSG00000067369","TP53BP1"
"ENSG00000067533","RRP15"
"ENSG00000067596","DHX8"
"ENSG00000067704","IARS2"
"ENSG00000067829","IDH3G"
"ENSG00000067836","ROGDI"
"ENSG00000067900","ROCK1"
"ENSG00000067955","CBFB"
"ENSG00000068028","RASSF1"
"ENSG00000068097","HEATR6"
"ENSG00000068120","COASY"
"ENSG00000068305","MEF2A"
"ENSG00000068308","OTUD5"
"ENSG00000068323","TFE3"
"ENSG00000068383","INPP5A"
"ENSG00000068394","GPKOW"
"ENSG00000068400","GRIPAP1"
"ENSG00000068438","FTSJ1"
"ENSG00000068654","POLR1A"
"ENSG00000068697","LAPTM4A"
"ENSG00000068745","IP6K2"
"ENSG00000068784","SRBD1"
"ENSG00000068796","KIF2A"
"ENSG00000068878","PSME4"
"ENSG00000068885","IFT80"
"ENSG00000068903","SIRT2"
"ENSG00000068912","ERLEC1"
"ENSG00000068971","PPP2R5B"
"ENSG00000069248","NUP133"
"ENSG00000069275","NUCKS1"
"ENSG00000069329","VPS35"
"ENSG00000069345","DNAJA2"
"ENSG00000069509","FUNDC1"
"ENSG00000069667","RORA"
"ENSG00000069849","ATP1B3"
"ENSG00000069943","PIGB"
"ENSG00000069956","MAPK6"
"ENSG00000069966","GNB5"
"ENSG00000070010","UFD1"
"ENSG00000070061","ELP1"
"ENSG00000070081","NUCB2"
"ENSG00000070214","SLC44A1"
"ENSG00000070269","TMEM260"
"ENSG00000070366","SMG6"
"ENSG00000070367","EXOC5"
"ENSG00000070476","ZXDC"
"ENSG00000070495","JMJD6"
"ENSG00000070501","POLB"
"ENSG00000070540","WIPI1"
"ENSG00000070610","GBA2"
"ENSG00000070718","AP3M2"
"ENSG00000070759","TESK2"
"ENSG00000070785","EIF2B3"
"ENSG00000070814","TCOF1"
"ENSG00000070961","ATP2B1"
"ENSG00000071054","MAP4K4"
"ENSG00000071127","WDR1"
"ENSG00000071189","SNX13"
"ENSG00000071243","ING3"
"ENSG00000071462","BUD23"
"ENSG00000071537","SEL1L"
"ENSG00000071553","ATP6AP1"
"ENSG00000071575","TRIB2"
"ENSG00000071894","CPSF1"
"ENSG00000071994","PDCD2"
"ENSG00000072042","RDH11"
"ENSG00000072062","PRKACA"
"ENSG00000072110","ACTN1"
"ENSG00000072210","ALDH3A2"
"ENSG00000072274","TFRC"
"ENSG00000072364","AFF4"
"ENSG00000072401","UBE2D1"
"ENSG00000072415","PALS1"
"ENSG00000072501","SMC1A"
"ENSG00000072506","HSD17B10"
"ENSG00000072518","MARK2"
"ENSG00000072609","CHFR"
"ENSG00000072736","NFATC3"
"ENSG00000072756","TRNT1"
"ENSG00000072778","ACADVL"
"ENSG00000072803","FBXW11"
"ENSG00000072958","AP1M1"
"ENSG00000073050","XRCC1"
"ENSG00000073060","SCARB1"
"ENSG00000073417","PDE8A"
"ENSG00000073584","SMARCE1"
"ENSG00000073614","KDM5A"
"ENSG00000073921","PICALM"
"ENSG00000073969","NSF"
"ENSG00000074054","CLASP1"
"ENSG00000074071","MRPS34"
"ENSG00000074266","EED"
"ENSG00000074319","TSG101"
"ENSG00000074356","NCBP3"
"ENSG00000074416","MGLL"
"ENSG00000074582","BCS1L"
"ENSG00000074603","DPP8"
"ENSG00000074695","LMAN1"
"ENSG00000074696","HACD3"
"ENSG00000074755","ZZEF1"
"ENSG00000074842","MYDGF"
"ENSG00000074935","TUBE1"
"ENSG00000075089","ACTR6"
"ENSG00000075151","EIF4G3"
"ENSG00000075188","NUP37"
"ENSG00000075239","ACAT1"
"ENSG00000075292","ZNF638"
"ENSG00000075303","SLC25A40"
"ENSG00000075413","MARK3"
"ENSG00000075539","FRYL"
"ENSG00000075568","TMEM131"
"ENSG00000075624","ACTB"
"ENSG00000075711","DLG1"
"ENSG00000075790","BCAP29"
"ENSG00000075826","SEC31B"
"ENSG00000075856","SART3"
"ENSG00000075914","EXOSC7"
"ENSG00000075945","KIFAP3"
"ENSG00000075975","MKRN2"
"ENSG00000076043","REXO2"
"ENSG00000076053","RBM7"
"ENSG00000076067","RBMS2"
"ENSG00000076108","BAZ2A"
"ENSG00000076201","PTPN23"
"ENSG00000076242","MLH1"
"ENSG00000076248","UNG"
"ENSG00000076513","ANKRD13A"
"ENSG00000076650","GPATCH1"
"ENSG00000076685","NT5C2"
"ENSG00000076706","MCAM"
"ENSG00000076928","ARHGEF1"
"ENSG00000076984","MAP2K7"
"ENSG00000077097","TOP2B"
"ENSG00000077147","TM9SF3"
"ENSG00000077157","PPP1R12B"
"ENSG00000077232","DNAJC10"
"ENSG00000077235","GTF3C1"
"ENSG00000077254","USP33"
"ENSG00000077312","SNRPA"
"ENSG00000077380","DYNC1I2"
"ENSG00000077458","FAM76B"
"ENSG00000077549","CAPZB"
"ENSG00000077721","UBE2A"
"ENSG00000077782","FGFR1"
"ENSG00000078043","PIAS2"
"ENSG00000078061","ARAF"
"ENSG00000078070","MCCC1"
"ENSG00000078124","ACER3"
"ENSG00000078140","UBE2K"
"ENSG00000078142","PIK3C3"
"ENSG00000078237","TIGAR"
"ENSG00000078246","TULP3"
"ENSG00000078369","GNB1"
"ENSG00000078403","MLLT10"
"ENSG00000078618","NRDC"
"ENSG00000078668","VDAC3"
"ENSG00000078674","PCM1"
"ENSG00000078699","CBFA2T2"
"ENSG00000078747","ITCH"
"ENSG00000078808","SDF4"
"ENSG00000079134","THOC1"
"ENSG00000079246","XRCC5"
"ENSG00000079277","MKNK1"
"ENSG00000079387","SENP1"
"ENSG00000079459","FDFT1"
"ENSG00000079616","KIF22"
"ENSG00000079739","PGM1"
"ENSG00000079785","DDX1"
"ENSG00000079805","DNM2"
"ENSG00000079819","EPB41L2"
"ENSG00000079950","STX7"
"ENSG00000079999","KEAP1"
"ENSG00000080189","SLC35C2"
"ENSG00000080345","RIF1"
"ENSG00000080371","RAB21"
"ENSG00000080503","SMARCA2"
"ENSG00000080546","SESN1"
"ENSG00000080603","SRCAP"
"ENSG00000080608","PUM3"
"ENSG00000080802","CNOT4"
"ENSG00000080815","PSEN1"
"ENSG00000080819","CPOX"
"ENSG00000080824","HSP90AA1"
"ENSG00000080839","RBL1"
"ENSG00000081026","MAGI3"
"ENSG00000081087","OSTM1"
"ENSG00000081177","EXD2"
"ENSG00000081307","UBA5"
"ENSG00000081665","ZNF506"
"ENSG00000081760","AACS"
"ENSG00000081791","DELE1"
"ENSG00000081913","PHLPP1"
"ENSG00000082068","WDR70"
"ENSG00000082146","STRADB"
"ENSG00000082153","BZW1"
"ENSG00000082212","ME2"
"ENSG00000082258","CCNT2"
"ENSG00000082269","FAM135A"
"ENSG00000082512","TRAF5"
"ENSG00000082515","MRPL22"
"ENSG00000082641","NFE2L1"
"ENSG00000082701","GSK3B"
"ENSG00000082781","ITGB5"
"ENSG00000082805","ERC1"
"ENSG00000082898","XPO1"
"ENSG00000082996","RNF13"
"ENSG00000083093","PALB2"
"ENSG00000083097","DOP1A"
"ENSG00000083099","LYRM2"
"ENSG00000083123","BCKDHB"
"ENSG00000083168","KAT6A"
"ENSG00000083223","TUT7"
"ENSG00000083290","ULK2"
"ENSG00000083312","TNPO1"
"ENSG00000083457","ITGAE"
"ENSG00000083520","DIS3"
"ENSG00000083535","PIBF1"
"ENSG00000083544","TDRD3"
"ENSG00000083642","PDS5B"
"ENSG00000083750","RRAGB"
"ENSG00000083799","CYLD"
"ENSG00000083896","YTHDC1"
"ENSG00000083937","CHMP2B"
"ENSG00000084072","PPIE"
"ENSG00000084073","ZMPSTE24"
"ENSG00000084090","STARD7"
"ENSG00000084092","NOA1"
"ENSG00000084234","APLP2"
"ENSG00000084623","EIF3I"
"ENSG00000084652","TXLNA"
"ENSG00000084676","NCOA1"
"ENSG00000084693","AGBL5"
"ENSG00000084733","RAB10"
"ENSG00000084754","HADHA"
"ENSG00000084764","MAPRE3"
"ENSG00000085063","CD59"
"ENSG00000085231","AK6"
"ENSG00000085274","MYNN"
"ENSG00000085365","SCAMP1"
"ENSG00000085377","PREP"
"ENSG00000085382","HACE1"
"ENSG00000085415","SEH1L"
"ENSG00000085433","WDR47"
"ENSG00000085449","WDFY1"
"ENSG00000085511","MAP3K4"
"ENSG00000085719","CPNE3"
"ENSG00000085721","RRN3"
"ENSG00000085733","CTTN"
"ENSG00000085760","MTIF2"
"ENSG00000085788","DDHD2"
"ENSG00000085832","EPS15"
"ENSG00000085871","MGST2"
"ENSG00000085978","ATG16L1"
"ENSG00000085982","USP40"
"ENSG00000085998","POMGNT1"
"ENSG00000086061","DNAJA1"
"ENSG00000086062","B4GALT1"
"ENSG00000086102","NFX1"
"ENSG00000086189","DIMT1"
"ENSG00000086200","IPO11"
"ENSG00000086232","EIF2AK1"
"ENSG00000086475","SEPHS1"
"ENSG00000086589","RBM22"
"ENSG00000086598","TMED2"
"ENSG00000086619","ERO1B"
"ENSG00000086712","TXLNG"
"ENSG00000086758","HUWE1"
"ENSG00000086827","ZW10"
"ENSG00000086848","ALG9"
"ENSG00000087053","MTMR2"
"ENSG00000087087","SRRT"
"ENSG00000087095","NLK"
"ENSG00000087111","PIGS"
"ENSG00000087152","ATXN7L3"
"ENSG00000087157","PGS1"
"ENSG00000087191","PSMC5"
"ENSG00000087206","UIMC1"
"ENSG00000087263","OGFOD1"
"ENSG00000087269","NOP14"
"ENSG00000087274","ADD1"
"ENSG00000087365","SF3B2"
"ENSG00000087460","GNAS"
"ENSG00000087470","DNM1L"
"ENSG00000087502","ERGIC2"
"ENSG00000087995","METTL2A"
"ENSG00000088035","ALG6"
"ENSG00000088179","PTPN4"
"ENSG00000088205","DDX18"
"ENSG00000088256","GNA11"
"ENSG00000088298","EDEM2"
"ENSG00000088356","PDRG1"
"ENSG00000088387","DOCK9"
"ENSG00000088451","TGDS"
"ENSG00000088682","COQ9"
"ENSG00000088808","PPP1R13B"
"ENSG00000088812","ATRN"
"ENSG00000088833","NSFL1C"
"ENSG00000088876","ZNF343"
"ENSG00000088930","XRN2"
"ENSG00000088970","KIZ"
"ENSG00000089006","SNX5"
"ENSG00000089009","RPL6"
"ENSG00000089022","MAPKAPK5"
"ENSG00000089048","ESF1"
"ENSG00000089053","ANAPC5"
"ENSG00000089154","GCN1"
"ENSG00000089159","PXN"
"ENSG00000089195","TRMT6"
"ENSG00000089234","BRAP"
"ENSG00000089248","ERP29"
"ENSG00000089280","FUS"
"ENSG00000089289","IGBP1"
"ENSG00000089486","CDIP1"
"ENSG00000089597","GANAB"
"ENSG00000089693","MLF2"
"ENSG00000089737","DDX24"
"ENSG00000089775","ZBTB25"
"ENSG00000089818","NECAP1"
"ENSG00000089876","DHX32"
"ENSG00000089916","GPATCH2L"
"ENSG00000090054","SPTLC1"
"ENSG00000090060","PAPOLA"
"ENSG00000090061","CCNK"
"ENSG00000090266","NDUFB2"
"ENSG00000090273","NUDC"
"ENSG00000090316","MAEA"
"ENSG00000090372","STRN4"
"ENSG00000090470","PDCD7"
"ENSG00000090487","SPG21"
"ENSG00000090520","DNAJB11"
"ENSG00000090581","GNPTG"
"ENSG00000090612","ZNF268"
"ENSG00000090621","PABPC4"
"ENSG00000090674","MCOLN1"
"ENSG00000090686","USP48"
"ENSG00000090861","AARS1"
"ENSG00000090863","GLG1"
"ENSG00000090905","TNRC6A"
"ENSG00000090989","EXOC1"
"ENSG00000091039","OSBPL8"
"ENSG00000091127","PUS7"
"ENSG00000091140","DLD"
"ENSG00000091164","TXNL1"
"ENSG00000091317","CMTM6"
"ENSG00000091409","ITGA6"
"ENSG00000091483","FH"
"ENSG00000091490","SEL1L3"
"ENSG00000091527","CDV3"
"ENSG00000091542","ALKBH5"
"ENSG00000091732","ZC3HC1"
"ENSG00000091947","TMEM101"
"ENSG00000092010","PSME1"
"ENSG00000092020","PPP2R3C"
"ENSG00000092036","HAUS4"
"ENSG00000092094","OSGEP"
"ENSG00000092098","RNF31"
"ENSG00000092108","SCFD1"
"ENSG00000092140","G2E3"
"ENSG00000092148","HECTD1"
"ENSG00000092201","SUPT16H"
"ENSG00000092203","TOX4"
"ENSG00000092330","TINF2"
"ENSG00000092439","TRPM7"
"ENSG00000092531","SNAP23"
"ENSG00000092871","RFFL"
"ENSG00000092931","MFSD11"
"ENSG00000092964","DPYSL2"
"ENSG00000092978","GPATCH2"
"ENSG00000093000","NUP50"
"ENSG00000093010","COMT"
"ENSG00000093144","ECHDC1"
"ENSG00000093167","LRRFIP2"
"ENSG00000094631","HDAC6"
"ENSG00000094841","UPRT"
"ENSG00000094880","CDC23"
"ENSG00000094914","AAAS"
"ENSG00000094975","SUCO"
"ENSG00000095002","MSH2"
"ENSG00000095059","DHPS"
"ENSG00000095139","ARCN1"
"ENSG00000095209","TMEM38B"
"ENSG00000095261","PSMD5"
"ENSG00000095319","NUP188"
"ENSG00000095380","NANS"
"ENSG00000095485","CWF19L1"
"ENSG00000095564","BTAF1"
"ENSG00000095574","IKZF5"
"ENSG00000095637","SORBS1"
"ENSG00000095787","WAC"
"ENSG00000095794","CREM"
"ENSG00000096063","SRPK1"
"ENSG00000096080","MRPS18A"
"ENSG00000096384","HSP90AB1"
"ENSG00000096401","CDC5L"
"ENSG00000096654","ZNF184"
"ENSG00000096717","SIRT1"
"ENSG00000096746","HNRNPH3"
"ENSG00000096968","JAK2"
"ENSG00000097007","ABL1"
"ENSG00000097033","SH3GLB1"
"ENSG00000099203","TMED1"
"ENSG00000099204","ABLIM1"
"ENSG00000099219","ERMP1"
"ENSG00000099246","RAB18"
"ENSG00000099341","PSMD8"
"ENSG00000099783","HNRNPM"
"ENSG00000099795","NDUFB7"
"ENSG00000099797","TECR"
"ENSG00000099810","MTAP"
"ENSG00000099899","TRMT2A"
"ENSG00000099901","RANBP1"
"ENSG00000099910","KLHL22"
"ENSG00000099917","MED15"
"ENSG00000099956","SMARCB1"
"ENSG00000099968","BCL2L13"
"ENSG00000099995","SF3A1"
"ENSG00000100014","SPECC1L"
"ENSG00000100023","PPIL2"
"ENSG00000100028","SNRPD3"
"ENSG00000100029","PES1"
"ENSG00000100030","MAPK1"
"ENSG00000100083","GGA1"
"ENSG00000100084","HIRA"
"ENSG00000100097","LGALS1"
"ENSG00000100099","HPS4"
"ENSG00000100100","PIK3IP1"
"ENSG00000100104","SRRD"
"ENSG00000100105","PATZ1"
"ENSG00000100109","TFIP11"
"ENSG00000100124","ANKRD54"
"ENSG00000100129","EIF3L"
"ENSG00000100151","PICK1"
"ENSG00000100201","DDX17"
"ENSG00000100207","TCF20"
"ENSG00000100209","HSCB"
"ENSG00000100211","CBY1"
"ENSG00000100219","XBP1"
"ENSG00000100220","RTCB"
"ENSG00000100225","FBXO7"
"ENSG00000100226","GTPBP1"
"ENSG00000100227","POLDIP3"
"ENSG00000100234","TIMP3"
"ENSG00000100239","PPP6R2"
"ENSG00000100242","SUN2"
"ENSG00000100243","CYB5R3"
"ENSG00000100263","RHBDD3"
"ENSG00000100266","PACSIN2"
"ENSG00000100280","AP1B1"
"ENSG00000100281","HMGXB4"
"ENSG00000100288","CHKB"
"ENSG00000100294","MCAT"
"ENSG00000100296","THOC5"
"ENSG00000100324","TAB1"
"ENSG00000100325","ASCC2"
"ENSG00000100330","MTMR3"
"ENSG00000100345","MYH9"
"ENSG00000100347","SAMM50"
"ENSG00000100348","TXN2"
"ENSG00000100353","EIF3D"
"ENSG00000100359","SGSM3"
"ENSG00000100364","KIAA0930"
"ENSG00000100372","SLC25A17"
"ENSG00000100380","ST13"
"ENSG00000100393","EP300"
"ENSG00000100395","L3MBTL2"
"ENSG00000100401","RANGAP1"
"ENSG00000100403","ZC3H7B"
"ENSG00000100410","PHF5A"
"ENSG00000100412","ACO2"
"ENSG00000100413","POLR3H"
"ENSG00000100416","TRMU"
"ENSG00000100422","CERK"
"ENSG00000100425","BRD1"
"ENSG00000100439","ABHD4"
"ENSG00000100441","KHNYN"
"ENSG00000100442","FKBP3"
"ENSG00000100445","SDR39U1"
"ENSG00000100461","RBM23"
"ENSG00000100462","PRMT5"
"ENSG00000100478","AP4S1"
"ENSG00000100483","VCPKMT"
"ENSG00000100485","SOS2"
"ENSG00000100519","PSMC6"
"ENSG00000100522","GNPNAT1"
"ENSG00000100523","DDHD1"
"ENSG00000100528","CNIH1"
"ENSG00000100532","CGRRF1"
"ENSG00000100554","ATP6V1D"
"ENSG00000100564","PIGH"
"ENSG00000100567","PSMA3"
"ENSG00000100568","VTI1B"
"ENSG00000100575","TIMM9"
"ENSG00000100577","GSTZ1"
"ENSG00000100591","AHSA1"
"ENSG00000100592","DAAM1"
"ENSG00000100596","SPTLC2"
"ENSG00000100600","LGMN"
"ENSG00000100601","ALKBH1"
"ENSG00000100605","ITPK1"
"ENSG00000100612","DHRS7"
"ENSG00000100614","PPM1A"
"ENSG00000100644","HIF1A"
"ENSG00000100650","SRSF5"
"ENSG00000100664","EIF5"
"ENSG00000100697","DICER1"
"ENSG00000100711","ZFYVE21"
"ENSG00000100714","MTHFD1"
"ENSG00000100722","ZC3H14"
"ENSG00000100731","PCNX1"
"ENSG00000100744","GSKIP"
"ENSG00000100749","VRK1"
"ENSG00000100764","PSMC1"
"ENSG00000100784","RPS6KA5"
"ENSG00000100796","PPP4R3A"
"ENSG00000100802","C14orf93"
"ENSG00000100804","PSMB5"
"ENSG00000100811","YY1"
"ENSG00000100813","ACIN1"
"ENSG00000100815","TRIP11"
"ENSG00000100823","APEX1"
"ENSG00000100836","PABPN1"
"ENSG00000100852","ARHGAP5"
"ENSG00000100883","SRP54"
"ENSG00000100888","CHD8"
"ENSG00000100890","PRORP"
"ENSG00000100897","DCAF11"
"ENSG00000100906","NFKBIA"
"ENSG00000100911","PSME2"
"ENSG00000100926","TM9SF1"
"ENSG00000100934","SEC23A"
"ENSG00000100938","GMPR2"
"ENSG00000100949","RABGGTA"
"ENSG00000100982","PCIF1"
"ENSG00000100983","GSS"
"ENSG00000100991","TRPC4AP"
"ENSG00000100994","PYGB"
"ENSG00000100997","ABHD12"
"ENSG00000101019","UQCC1"
"ENSG00000101040","ZMYND8"
"ENSG00000101052","IFT52"
"ENSG00000101084","RAB5IF"
"ENSG00000101109","STK4"
"ENSG00000101126","ADNP"
"ENSG00000101138","CSTF1"
"ENSG00000101146","RAE1"
"ENSG00000101150","TPD52L2"
"ENSG00000101158","NELFCD"
"ENSG00000101160","CTSZ"
"ENSG00000101161","PRPF6"
"ENSG00000101182","PSMA7"
"ENSG00000101190","TCFL5"
"ENSG00000101191","DIDO1"
"ENSG00000101193","GID8"
"ENSG00000101246","ARFRP1"
"ENSG00000101247","NDUFAF5"
"ENSG00000101266","CSNK2A1"
"ENSG00000101290","CDS2"
"ENSG00000101294","HM13"
"ENSG00000101310","SEC23B"
"ENSG00000101335","MYL9"
"ENSG00000101337","TM9SF4"
"ENSG00000101343","CRNKL1"
"ENSG00000101346","POFUT1"
"ENSG00000101347","SAMHD1"
"ENSG00000101350","KIF3B"
"ENSG00000101361","NOP56"
"ENSG00000101363","MANBAL"
"ENSG00000101365","IDH3B"
"ENSG00000101367","MAPRE1"
"ENSG00000101391","CDK5RAP1"
"ENSG00000101407","TTI1"
"ENSG00000101417","PXMP4"
"ENSG00000101421","CHMP4B"
"ENSG00000101442","ACTR5"
"ENSG00000101444","AHCY"
"ENSG00000101452","DHX35"
"ENSG00000101457","DNTTIP1"
"ENSG00000101473","ACOT8"
"ENSG00000101544","ADNP2"
"ENSG00000101546","RBFA"
"ENSG00000101557","USP14"
"ENSG00000101558","VAPA"
"ENSG00000101596","SMCHD1"
"ENSG00000101608","MYL12A"
"ENSG00000101639","CEP192"
"ENSG00000101654","RNMT"
"ENSG00000101745","ANKRD12"
"ENSG00000101751","POLI"
"ENSG00000101773","RBBP8"
"ENSG00000101782","RIOK3"
"ENSG00000101811","CSTF2"
"ENSG00000101856","PGRMC1"
"ENSG00000101868","POLA1"
"ENSG00000101882","NKAP"
"ENSG00000101901","ALG13"
"ENSG00000101972","STAG2"
"ENSG00000102007","PLP2"
"ENSG00000102030","NAA10"
"ENSG00000102054","RBBP7"
"ENSG00000102081","FMR1"
"ENSG00000102100","SLC35A2"
"ENSG00000102103","PQBP1"
"ENSG00000102125","TAFAZZIN"
"ENSG00000102158","MAGT1"
"ENSG00000102172","SMS"
"ENSG00000102181","CD99L2"
"ENSG00000102189","EEA1"
"ENSG00000102225","CDK16"
"ENSG00000102226","USP11"
"ENSG00000102241","HTATSF1"
"ENSG00000102265","TIMP1"
"ENSG00000102390","PBDC1"
"ENSG00000102393","GLA"
"ENSG00000102401","ARMCX3"
"ENSG00000102409","BEX4"
"ENSG00000102531","FNDC3A"
"ENSG00000102543","CDADC1"
"ENSG00000102572","STK24"
"ENSG00000102580","DNAJC3"
"ENSG00000102606","ARHGEF7"
"ENSG00000102699","PARP4"
"ENSG00000102710","SUPT20H"
"ENSG00000102738","MRPS31"
"ENSG00000102753","KPNA3"
"ENSG00000102763","VWA8"
"ENSG00000102786","INTS6"
"ENSG00000102805","CLN5"
"ENSG00000102882","MAPK3"
"ENSG00000102893","PHKB"
"ENSG00000102900","NUP93"
"ENSG00000102910","LONP2"
"ENSG00000102921","N4BP1"
"ENSG00000102974","CTCF"
"ENSG00000102978","POLR2C"
"ENSG00000103005","USB1"
"ENSG00000103018","CYB5B"
"ENSG00000103035","PSMD7"
"ENSG00000103037","SETD6"
"ENSG00000103043","VAC14"
"ENSG00000103051","COG4"
"ENSG00000103061","SLC7A6OS"
"ENSG00000103066","PLA2G15"
"ENSG00000103091","WDR59"
"ENSG00000103150","MLYCD"
"ENSG00000103160","HSDL1"
"ENSG00000103194","USP10"
"ENSG00000103197","TSC2"
"ENSG00000103249","CLCN7"
"ENSG00000103274","NUBP1"
"ENSG00000103342","GSPT1"
"ENSG00000103343","ZNF174"
"ENSG00000103351","CLUAP1"
"ENSG00000103353","UBFD1"
"ENSG00000103363","ELOB"
"ENSG00000103365","GGA2"
"ENSG00000103381","CPPED1"
"ENSG00000103415","HMOX2"
"ENSG00000103423","DNAJA3"
"ENSG00000103429","BFAR"
"ENSG00000103479","RBL2"
"ENSG00000103496","STX4"
"ENSG00000103502","CDIPT"
"ENSG00000103507","BCKDK"
"ENSG00000103510","KAT8"
"ENSG00000103544","VPS35L"
"ENSG00000103549","RNF40"
"ENSG00000103591","AAGAB"
"ENSG00000103642","LACTB"
"ENSG00000103653","CSK"
"ENSG00000103657","HERC1"
"ENSG00000103671","TRIP4"
"ENSG00000103707","MTFMT"
"ENSG00000103769","RAB11A"
"ENSG00000103811","CTSH"
"ENSG00000103876","FAH"
"ENSG00000103932","RPAP1"
"ENSG00000103978","TMEM87A"
"ENSG00000103994","ZNF106"
"ENSG00000104129","DNAJC17"
"ENSG00000104133","SPG11"
"ENSG00000104164","BLOC1S6"
"ENSG00000104205","SGK3"
"ENSG00000104218","CSPP1"
"ENSG00000104221","BRF2"
"ENSG00000104231","ZFAND1"
"ENSG00000104299","INTS9"
"ENSG00000104320","NBN"
"ENSG00000104325","DECR1"
"ENSG00000104331","BPNT2"
"ENSG00000104365","IKBKB"
"ENSG00000104375","STK3"
"ENSG00000104388","RAB2A"
"ENSG00000104408","EIF3E"
"ENSG00000104412","EMC2"
"ENSG00000104419","NDRG1"
"ENSG00000104442","ARMC1"
"ENSG00000104472","CHRAC1"
"ENSG00000104490","NCALD"
"ENSG00000104517","UBR5"
"ENSG00000104522","GFUS"
"ENSG00000104529","EEF1D"
"ENSG00000104613","INTS10"
"ENSG00000104626","ERI1"
"ENSG00000104635","SLC39A14"
"ENSG00000104643","MTMR9"
"ENSG00000104660","LEPROTL1"
"ENSG00000104671","DCTN6"
"ENSG00000104679","R3HCC1"
"ENSG00000104687","GSR"
"ENSG00000104691","UBXN8"
"ENSG00000104695","PPP2CB"
"ENSG00000104714","ERICH1"
"ENSG00000104731","KLHDC4"
"ENSG00000104738","MCM4"
"ENSG00000104763","ASAH1"
"ENSG00000104824","HNRNPL"
"ENSG00000104852","SNRNP70"
"ENSG00000104853","CLPTM1"
"ENSG00000104859","CLASRP"
"ENSG00000104872","PIH1D1"
"ENSG00000104904","OAZ1"
"ENSG00000104946","TBC1D17"
"ENSG00000104957","YJU2B"
"ENSG00000104960","PTOV1"
"ENSG00000104964","TLE5"
"ENSG00000104969","SGTA"
"ENSG00000104980","TIMM44"
"ENSG00000105053","VRK3"
"ENSG00000105058","FAM32A"
"ENSG00000105135","ILVBL"
"ENSG00000105171","POP4"
"ENSG00000105176","URI1"
"ENSG00000105185","PDCD5"
"ENSG00000105197","TIMM50"
"ENSG00000105202","FBL"
"ENSG00000105220","GPI"
"ENSG00000105221","AKT2"
"ENSG00000105223","PLD3"
"ENSG00000105229","PIAS4"
"ENSG00000105258","POLR2I"
"ENSG00000105321","CCDC9"
"ENSG00000105323","HNRNPUL1"
"ENSG00000105341","DMAC2"
"ENSG00000105372","RPS19"
"ENSG00000105373","NOP53"
"ENSG00000105379","ETFB"
"ENSG00000105401","CDC37"
"ENSG00000105402","NAPA"
"ENSG00000105404","RABAC1"
"ENSG00000105438","KDELR1"
"ENSG00000105443","CYTH2"
"ENSG00000105447","GRWD1"
"ENSG00000105497","ZNF175"
"ENSG00000105516","DBP"
"ENSG00000105518","TMEM205"
"ENSG00000105568","PPP2R1A"
"ENSG00000105576","TNPO2"
"ENSG00000105607","GCDH"
"ENSG00000105618","PRPF31"
"ENSG00000105671","DDX49"
"ENSG00000105698","USF2"
"ENSG00000105700","KXD1"
"ENSG00000105705","SUGP1"
"ENSG00000105723","GSK3A"
"ENSG00000105726","ATP13A1"
"ENSG00000105755","ETHE1"
"ENSG00000105771","SMG9"
"ENSG00000105778","AVL9"
"ENSG00000105793","GTPBP10"
"ENSG00000105819","PMPCB"
"ENSG00000105821","DNAJC2"
"ENSG00000105829","BET1"
"ENSG00000105835","NAMPT"
"ENSG00000105849","POLR1F"
"ENSG00000105854","PON2"
"ENSG00000105856","HBP1"
"ENSG00000105875","WDR91"
"ENSG00000105879","CBLL1"
"ENSG00000105887","MTPN"
"ENSG00000105953","OGDH"
"ENSG00000105983","LMBR1"
"ENSG00000106028","SSBP1"
"ENSG00000106049","HIBADH"
"ENSG00000106052","TAX1BP1"
"ENSG00000106077","ABHD11"
"ENSG00000106105","GARS1"
"ENSG00000106245","BUD31"
"ENSG00000106261","ZKSCAN1"
"ENSG00000106263","EIF3B"
"ENSG00000106290","TAF6"
"ENSG00000106305","AIMP2"
"ENSG00000106344","RBM28"
"ENSG00000106346","USP42"
"ENSG00000106351","AGFG2"
"ENSG00000106367","AP1S1"
"ENSG00000106392","C1GALT1"
"ENSG00000106400","ZNHIT1"
"ENSG00000106443","PHF14"
"ENSG00000106459","NRF1"
"ENSG00000106460","TMEM106B"
"ENSG00000106477","CEP41"
"ENSG00000106588","PSMA2"
"ENSG00000106591","MRPL32"
"ENSG00000106605","BLVRA"
"ENSG00000106608","URGCP"
"ENSG00000106609","TMEM248"
"ENSG00000106615","RHEB"
"ENSG00000106617","PRKAG2"
"ENSG00000106628","POLD2"
"ENSG00000106635","BCL7B"
"ENSG00000106638","TBL2"
"ENSG00000106682","EIF4H"
"ENSG00000106692","FKTN"
"ENSG00000106723","SPIN1"
"ENSG00000106733","NMRK1"
"ENSG00000106771","TMEM245"
"ENSG00000106829","TLE4"
"ENSG00000106993","CDC37L1"
"ENSG00000107020","PLGRKT"
"ENSG00000107021","TBC1D13"
"ENSG00000107036","RIC1"
"ENSG00000107077","KDM4C"
"ENSG00000107140","TESK1"
"ENSG00000107164","FUBP3"
"ENSG00000107175","CREB3"
"ENSG00000107201","RIGI"
"ENSG00000107262","BAG1"
"ENSG00000107263","RAPGEF1"
"ENSG00000107290","SETX"
"ENSG00000107341","UBE2R2"
"ENSG00000107362","ABHD17B"
"ENSG00000107371","EXOSC3"
"ENSG00000107521","HPS1"
"ENSG00000107537","PHYH"
"ENSG00000107566","ERLIN1"
"ENSG00000107581","EIF3A"
"ENSG00000107614","TRDMT1"
"ENSG00000107643","MAPK8"
"ENSG00000107651","SEC23IP"
"ENSG00000107669","ATE1"
"ENSG00000107672","NSMCE4A"
"ENSG00000107679","PLEKHA1"
"ENSG00000107745","MICU1"
"ENSG00000107758","PPP3CB"
"ENSG00000107771","CCSER2"
"ENSG00000107789","MINPP1"
"ENSG00000107796","ACTA2"
"ENSG00000107798","LIPA"
"ENSG00000107815","TWNK"
"ENSG00000107829","FBXW4"
"ENSG00000107854","TNKS2"
"ENSG00000107862","GBF1"
"ENSG00000107863","ARHGAP21"
"ENSG00000107874","CUEDC2"
"ENSG00000107897","ACBD5"
"ENSG00000107902","LHPP"
"ENSG00000107929","LARP4B"
"ENSG00000107937","GTPBP4"
"ENSG00000107938","EDRF1"
"ENSG00000107951","MTPAP"
"ENSG00000107959","PITRM1"
"ENSG00000107960","STN1"
"ENSG00000108010","GLRX3"
"ENSG00000108021","TASOR2"
"ENSG00000108039","XPNPEP1"
"ENSG00000108055","SMC3"
"ENSG00000108061","SHOC2"
"ENSG00000108064","TFAM"
"ENSG00000108091","CCDC6"
"ENSG00000108094","CUL2"
"ENSG00000108100","CCNY"
"ENSG00000108179","PPIF"
"ENSG00000108187","PBLD"
"ENSG00000108219","TSPAN14"
"ENSG00000108256","NUFIP2"
"ENSG00000108298","RPL19"
"ENSG00000108306","FBXL20"
"ENSG00000108312","UBTF"
"ENSG00000108344","PSMD3"
"ENSG00000108349","CASC3"
"ENSG00000108384","RAD51C"
"ENSG00000108389","MTMR4"
"ENSG00000108395","TRIM37"
"ENSG00000108423","TUBD1"
"ENSG00000108424","KPNB1"
"ENSG00000108433","GOSR2"
"ENSG00000108439","PNPO"
"ENSG00000108443","RPS6KB1"
"ENSG00000108465","CDK5RAP3"
"ENSG00000108468","CBX1"
"ENSG00000108469","RECQL5"
"ENSG00000108506","INTS2"
"ENSG00000108509","CAMTA2"
"ENSG00000108510","MED13"
"ENSG00000108518","PFN1"
"ENSG00000108523","RNF167"
"ENSG00000108528","SLC25A11"
"ENSG00000108559","NUP88"
"ENSG00000108578","BLMH"
"ENSG00000108587","GOSR1"
"ENSG00000108588","CCDC47"
"ENSG00000108590","MED31"
"ENSG00000108591","DRG2"
"ENSG00000108592","FTSJ3"
"ENSG00000108599","AKAP10"
"ENSG00000108604","SMARCD2"
"ENSG00000108651","UTP6"
"ENSG00000108654","DDX5"
"ENSG00000108666","C17orf75"
"ENSG00000108669","CYTH1"
"ENSG00000108671","PSMD11"
"ENSG00000108679","LGALS3BP"
"ENSG00000108733","PEX12"
"ENSG00000108773","KAT2A"
"ENSG00000108774","RAB5C"
"ENSG00000108784","NAGLU"
"ENSG00000108788","MLX"
"ENSG00000108799","EZH1"
"ENSG00000108826","MRPL27"
"ENSG00000108828","VAT1"
"ENSG00000108829","LRRC59"
"ENSG00000108840","HDAC5"
"ENSG00000108848","LUC7L3"
"ENSG00000108883","EFTUD2"
"ENSG00000108946","PRKAR1A"
"ENSG00000108953","YWHAE"
"ENSG00000108960","MMD"
"ENSG00000109016","DHRS7B"
"ENSG00000109046","WSB1"
"ENSG00000109065","NAT9"
"ENSG00000109079","TNFAIP1"
"ENSG00000109083","IFT20"
"ENSG00000109103","UNC119"
"ENSG00000109107","ALDOC"
"ENSG00000109111","SUPT6H"
"ENSG00000109118","PHF12"
"ENSG00000109171","SLAIN2"
"ENSG00000109180","OCIAD1"
"ENSG00000109184","DCUN1D4"
"ENSG00000109189","USP46"
"ENSG00000109220","CHIC2"
"ENSG00000109270","LAMTOR3"
"ENSG00000109320","NFKB1"
"ENSG00000109323","MANBA"
"ENSG00000109381","ELF2"
"ENSG00000109390","NDUFC1"
"ENSG00000109436","TBC1D9"
"ENSG00000109458","GAB1"
"ENSG00000109466","KLHL2"
"ENSG00000109534","GAR1"
"ENSG00000109572","CLCN3"
"ENSG00000109606","DHX15"
"ENSG00000109618","SEPSECS"
"ENSG00000109670","FBXW7"
"ENSG00000109685","NSD2"
"ENSG00000109689","STIM2"
"ENSG00000109756","RAPGEF2"
"ENSG00000109762","SNX25"
"ENSG00000109775","UFSP2"
"ENSG00000109787","KLF3"
"ENSG00000109790","KLHL5"
"ENSG00000109814","UGDH"
"ENSG00000109854","HTATIP2"
"ENSG00000109861","CTSC"
"ENSG00000109911","ELP4"
"ENSG00000109919","MTCH2"
"ENSG00000109920","FNBP4"
"ENSG00000109929","SC5D"
"ENSG00000109971","HSPA8"
"ENSG00000110002","VWA5A"
"ENSG00000110013","SIAE"
"ENSG00000110048","OSBP"
"ENSG00000110060","PUS3"
"ENSG00000110063","DCPS"
"ENSG00000110066","KMT5B"
"ENSG00000110074","FOXRED1"
"ENSG00000110075","PPP6R3"
"ENSG00000110080","ST3GAL4"
"ENSG00000110090","CPT1A"
"ENSG00000110107","PRPF19"
"ENSG00000110108","TMEM109"
"ENSG00000110172","CHORDC1"
"ENSG00000110315","RNF141"
"ENSG00000110321","EIF4G2"
"ENSG00000110344","UBE4A"
"ENSG00000110367","DDX6"
"ENSG00000110422","HIPK3"
"ENSG00000110429","FBXO3"
"ENSG00000110435","PDHX"
"ENSG00000110442","COMMD9"
"ENSG00000110497","AMBRA1"
"ENSG00000110514","MADD"
"ENSG00000110583","NAA40"
"ENSG00000110619","CARS1"
"ENSG00000110651","CD81"
"ENSG00000110696","C11orf58"
"ENSG00000110711","AIP"
"ENSG00000110713","NUP98"
"ENSG00000110721","CHKA"
"ENSG00000110756","HPS5"
"ENSG00000110768","GTF2H1"
"ENSG00000110801","PSMD9"
"ENSG00000110851","PRDM4"
"ENSG00000110871","COQ5"
"ENSG00000110888","CAPRIN2"
"ENSG00000110906","KCTD10"
"ENSG00000110911","SLC11A2"
"ENSG00000110917","MLEC"
"ENSG00000110921","MVK"
"ENSG00000110925","CSRNP2"
"ENSG00000110955","ATP5F1B"
"ENSG00000111011","RSRC2"
"ENSG00000111142","METAP2"
"ENSG00000111144","LTA4H"
"ENSG00000111203","ITFG2"
"ENSG00000111229","ARPC3"
"ENSG00000111231","GPN3"
"ENSG00000111237","VPS29"
"ENSG00000111269","CREBL2"
"ENSG00000111271","ACAD10"
"ENSG00000111275","ALDH2"
"ENSG00000111300","NAA25"
"ENSG00000111328","CDK2AP1"
"ENSG00000111361","EIF2B1"
"ENSG00000111364","DDX55"
"ENSG00000111371","SLC38A1"
"ENSG00000111445","RFC5"
"ENSG00000111450","STX2"
"ENSG00000111530","CAND1"
"ENSG00000111540","RAB5B"
"ENSG00000111581","NUP107"
"ENSG00000111596","CNOT2"
"ENSG00000111605","CPSF6"
"ENSG00000111615","KRR1"
"ENSG00000111640","GAPDH"
"ENSG00000111642","CHD4"
"ENSG00000111647","BLTP3B"
"ENSG00000111652","COPS7A"
"ENSG00000111653","ING4"
"ENSG00000111666","CHPT1"
"ENSG00000111667","USP5"
"ENSG00000111669","TPI1"
"ENSG00000111670","GNPTAB"
"ENSG00000111676","ATN1"
"ENSG00000111678","C12orf57"
"ENSG00000111684","LPCAT3"
"ENSG00000111707","SUDS3"
"ENSG00000111711","GOLT1B"
"ENSG00000111716","LDHB"
"ENSG00000111725","PRKAB1"
"ENSG00000111726","CMAS"
"ENSG00000111727","HCFC2"
"ENSG00000111731","C2CD5"
"ENSG00000111737","RAB35"
"ENSG00000111775","COX6A1"
"ENSG00000111785","RIC8B"
"ENSG00000111786","SRSF9"
"ENSG00000111790","FGFR1OP2"
"ENSG00000111802","TDP2"
"ENSG00000111832","RWDD1"
"ENSG00000111843","TMEM14C"
"ENSG00000111850","SMIM8"
"ENSG00000111875","ASF1A"
"ENSG00000111897","SERINC1"
"ENSG00000111906","HDDC2"
"ENSG00000111911","HINT3"
"ENSG00000111912","NCOA7"
"ENSG00000112039","FANCE"
"ENSG00000112062","MAPK14"
"ENSG00000112079","STK38"
"ENSG00000112081","SRSF3"
"ENSG00000112110","MRPL18"
"ENSG00000112130","RNF8"
"ENSG00000112144","CILK1"
"ENSG00000112146","FBXO9"
"ENSG00000112167","SAYSD1"
"ENSG00000112200","ZNF451"
"ENSG00000112208","BAG2"
"ENSG00000112234","FBXL4"
"ENSG00000112237","CCNC"
"ENSG00000112245","PTP4A1"
"ENSG00000112249","ASCC3"
"ENSG00000112282","MED23"
"ENSG00000112304","ACOT13"
"ENSG00000112305","SMAP1"
"ENSG00000112308","C6orf62"
"ENSG00000112312","GMNN"
"ENSG00000112335","SNX3"
"ENSG00000112339","HBS1L"
"ENSG00000112357","PEX7"
"ENSG00000112367","FIG4"
"ENSG00000112425","EPM2A"
"ENSG00000112473","SLC39A7"
"ENSG00000112511","PHF1"
"ENSG00000112514","CUTA"
"ENSG00000112531","QKI"
"ENSG00000112584","FAM120B"
"ENSG00000112592","TBP"
"ENSG00000112624","BICRAL"
"ENSG00000112640","PPP2R5D"
"ENSG00000112651","MRPL2"
"ENSG00000112679","DUSP22"
"ENSG00000112685","EXOC2"
"ENSG00000112697","TMEM30A"
"ENSG00000112699","GMDS"
"ENSG00000112715","VEGFA"
"ENSG00000112739","PRP4K"
"ENSG00000112759","SLC29A1"
"ENSG00000112763","BTN2A1"
"ENSG00000112851","ERBIN"
"ENSG00000112855","HARS2"
"ENSG00000112941","TENT4A"
"ENSG00000112972","HMGCS1"
"ENSG00000112983","BRD8"
"ENSG00000112992","NNT"
"ENSG00000113013","HSPA9"
"ENSG00000113048","MRPS27"
"ENSG00000113068","PFDN1"
"ENSG00000113108","APBB3"
"ENSG00000113140","SPARC"
"ENSG00000113141","IK"
"ENSG00000113161","HMGCR"
"ENSG00000113163","CERT1"
"ENSG00000113194","FAF2"
"ENSG00000113240","CLK4"
"ENSG00000113282","CLINT1"
"ENSG00000113312","TTC1"
"ENSG00000113318","MSH3"
"ENSG00000113328","CCNG1"
"ENSG00000113360","DROSHA"
"ENSG00000113384","GOLPH3"
"ENSG00000113391","ARB2A"
"ENSG00000113407","TARS1"
"ENSG00000113456","RAD1"
"ENSG00000113460","BRIX1"
"ENSG00000113522","RAD50"
"ENSG00000113552","GNPDA1"
"ENSG00000113569","NUP155"
"ENSG00000113575","PPP2CA"
"ENSG00000113580","NR3C1"
"ENSG00000113583","C5orf15"
"ENSG00000113593","PPWD1"
"ENSG00000113595","TRIM23"
"ENSG00000113597","TRAPPC13"
"ENSG00000113615","SEC24A"
"ENSG00000113621","TXNDC15"
"ENSG00000113643","RARS1"
"ENSG00000113648","MACROH2A1"
"ENSG00000113649","TCERG1"
"ENSG00000113658","SMAD5"
"ENSG00000113712","CSNK1A1"
"ENSG00000113716","HMGXB3"
"ENSG00000113719","ERGIC1"
"ENSG00000113732","ATP6V0E1"
"ENSG00000113734","BNIP1"
"ENSG00000113742","CPEB4"
"ENSG00000113761","ZNF346"
"ENSG00000113810","SMC4"
"ENSG00000113812","ACTR8"
"ENSG00000113851","CRBN"
"ENSG00000113916","BCL6"
"ENSG00000113971","NPHP3"
"ENSG00000114021","NIT2"
"ENSG00000114023","FAM162A"
"ENSG00000114030","KPNA1"
"ENSG00000114054","PCCB"
"ENSG00000114062","UBE3A"
"ENSG00000114098","ARMC8"
"ENSG00000114120","SLC25A36"
"ENSG00000114125","RNF7"
"ENSG00000114126","TFDP2"
"ENSG00000114166","KAT2B"
"ENSG00000114209","PDCD10"
"ENSG00000114268","PFKFB4"
"ENSG00000114302","PRKAR2A"
"ENSG00000114316","USP4"
"ENSG00000114331","ACAP2"
"ENSG00000114353","GNAI2"
"ENSG00000114354","TFG"
"ENSG00000114383","TUSC2"
"ENSG00000114388","NPRL2"
"ENSG00000114391","RPL24"
"ENSG00000114416","FXR1"
"ENSG00000114446","IFT57"
"ENSG00000114473","IQCG"
"ENSG00000114480","GBE1"
"ENSG00000114491","UMPS"
"ENSG00000114520","SNX4"
"ENSG00000114544","SLC41A3"
"ENSG00000114573","ATP6V1A"
"ENSG00000114650","SCAP"
"ENSG00000114686","MRPL3"
"ENSG00000114735","HEMK1"
"ENSG00000114744","COMMD2"
"ENSG00000114745","GORASP1"
"ENSG00000114770","ABCC5"
"ENSG00000114850","SSR3"
"ENSG00000114857","NKTR"
"ENSG00000114867","EIF4G1"
"ENSG00000114902","SPCS1"
"ENSG00000114904","NEK4"
"ENSG00000114956","DGUOK"
"ENSG00000114982","KANSL3"
"ENSG00000114988","LMAN2L"
"ENSG00000115053","NCL"
"ENSG00000115073","ACTR1B"
"ENSG00000115084","SLC35F5"
"ENSG00000115091","ACTR3"
"ENSG00000115128","SF3B6"
"ENSG00000115145","STAM2"
"ENSG00000115159","GPD2"
"ENSG00000115204","MPV17"
"ENSG00000115207","GTF3C2"
"ENSG00000115211","EIF2B4"
"ENSG00000115216","NRBP1"
"ENSG00000115234","SNX17"
"ENSG00000115239","ASB3"
"ENSG00000115241","PPM1G"
"ENSG00000115267","IFIH1"
"ENSG00000115274","INO80B"
"ENSG00000115275","MOGS"
"ENSG00000115282","TTC31"
"ENSG00000115289","PCGF1"
"ENSG00000115295","CLIP4"
"ENSG00000115306","SPTBN1"
"ENSG00000115307","AUP1"
"ENSG00000115310","RTN4"
"ENSG00000115317","HTRA2"
"ENSG00000115350","POLE4"
"ENSG00000115355","CCDC88A"
"ENSG00000115364","MRPL19"
"ENSG00000115368","WDR75"
"ENSG00000115414","FN1"
"ENSG00000115415","STAT1"
"ENSG00000115419","GLS"
"ENSG00000115421","PAPOLG"
"ENSG00000115425","PECR"
"ENSG00000115459","ELMOD3"
"ENSG00000115464","USP34"
"ENSG00000115484","CCT4"
"ENSG00000115486","GGCX"
"ENSG00000115504","EHBP1"
"ENSG00000115514","TXNDC9"
"ENSG00000115520","COQ10B"
"ENSG00000115524","SF3B1"
"ENSG00000115525","ST3GAL5"
"ENSG00000115540","MOB4"
"ENSG00000115548","KDM3A"
"ENSG00000115561","CHMP3"
"ENSG00000115649","CNPPD1"
"ENSG00000115652","UXS1"
"ENSG00000115661","STK16"
"ENSG00000115677","HDLBP"
"ENSG00000115694","STK25"
"ENSG00000115750","TAF1B"
"ENSG00000115758","ODC1"
"ENSG00000115760","BIRC6"
"ENSG00000115761","NOL10"
"ENSG00000115806","GORASP2"
"ENSG00000115816","CEBPZ"
"ENSG00000115839","RAB3GAP1"
"ENSG00000115840","SLC25A12"
"ENSG00000115866","DARS1"
"ENSG00000115875","SRSF7"
"ENSG00000115904","SOS1"
"ENSG00000115946","PNO1"
"ENSG00000115947","ORC4"
"ENSG00000115966","ATF2"
"ENSG00000115970","THADA"
"ENSG00000115993","TRAK2"
"ENSG00000115998","C2orf42"
"ENSG00000116001","TIA1"
"ENSG00000116005","PCYOX1"
"ENSG00000116016","EPAS1"
"ENSG00000116062","MSH6"
"ENSG00000116095","PLEKHA3"
"ENSG00000116120","FARSB"
"ENSG00000116128","BCL9"
"ENSG00000116161","CACYBP"
"ENSG00000116171","SCP2"
"ENSG00000116198","CEP104"
"ENSG00000116199","FAM20B"
"ENSG00000116205","TCEANC2"
"ENSG00000116209","TMEM59"
"ENSG00000116212","LRRC42"
"ENSG00000116213","WRAP73"
"ENSG00000116221","MRPL37"
"ENSG00000116237","ICMT"
"ENSG00000116251","RPL22"
"ENSG00000116260","QSOX1"
"ENSG00000116266","STXBP3"
"ENSG00000116285","ERRFI1"
"ENSG00000116350","SRSF4"
"ENSG00000116353","MECR"
"ENSG00000116455","WDR77"
"ENSG00000116459","ATP5PB"
"ENSG00000116473","RAP1A"
"ENSG00000116478","HDAC1"
"ENSG00000116489","CAPZA1"
"ENSG00000116497","S100PBP"
"ENSG00000116514","RNF19B"
"ENSG00000116521","SCAMP3"
"ENSG00000116539","ASH1L"
"ENSG00000116560","SFPQ"
"ENSG00000116580","GON4L"
"ENSG00000116584","ARHGEF2"
"ENSG00000116641","DOCK7"
"ENSG00000116649","SRM"
"ENSG00000116663","FBXO6"
"ENSG00000116668","SWT1"
"ENSG00000116670","MAD2L2"
"ENSG00000116679","IVNS1ABP"
"ENSG00000116685","KIAA2013"
"ENSG00000116688","MFN2"
"ENSG00000116698","SMG7"
"ENSG00000116731","PRDM2"
"ENSG00000116747","RO60"
"ENSG00000116750","UCHL5"
"ENSG00000116752","BCAS2"
"ENSG00000116754","SRSF11"
"ENSG00000116786","PLEKHM2"
"ENSG00000116791","CRYZ"
"ENSG00000116793","PHTF1"
"ENSG00000116863","ADPRS"
"ENSG00000116874","WARS2"
"ENSG00000116898","MRPS15"
"ENSG00000116906","GNPAT"
"ENSG00000116918","TSNAX"
"ENSG00000116954","RRAGC"
"ENSG00000116977","LGALS8"
"ENSG00000117000","RLF"
"ENSG00000117054","ACADM"
"ENSG00000117118","SDHB"
"ENSG00000117133","RPF1"
"ENSG00000117139","KDM5B"
"ENSG00000117143","UAP1"
"ENSG00000117151","CTBS"
"ENSG00000117153","KLHL12"
"ENSG00000117155","SSX2IP"
"ENSG00000117174","ZNHIT6"
"ENSG00000117222","RBBP5"
"ENSG00000117280","RAB29"
"ENSG00000117298","ECE1"
"ENSG00000117305","HMGCL"
"ENSG00000117308","GALE"
"ENSG00000117335","CD46"
"ENSG00000117360","PRPF3"
"ENSG00000117362","APH1A"
"ENSG00000117385","P3H1"
"ENSG00000117394","SLC2A1"
"ENSG00000117395","EBNA1BP2"
"ENSG00000117408","IPO13"
"ENSG00000117410","ATP6V0B"
"ENSG00000117411","B4GALT2"
"ENSG00000117419","ERI3"
"ENSG00000117448","AKR1A1"
"ENSG00000117475","BLZF1"
"ENSG00000117500","TMED5"
"ENSG00000117519","CNN3"
"ENSG00000117528","ABCD3"
"ENSG00000117533","VAMP4"
"ENSG00000117543","DPH5"
"ENSG00000117569","PTBP2"
"ENSG00000117592","PRDX6"
"ENSG00000117593","DARS2"
"ENSG00000117597","UTP25"
"ENSG00000117602","RCAN3"
"ENSG00000117614","SYF2"
"ENSG00000117616","RSRP1"
"ENSG00000117625","RCOR3"
"ENSG00000117632","STMN1"
"ENSG00000117640","MTFR1L"
"ENSG00000117682","DHDDS"
"ENSG00000117691","NENF"
"ENSG00000117697","NSL1"
"ENSG00000117713","ARID1A"
"ENSG00000117748","RPA2"
"ENSG00000117758","STX12"
"ENSG00000117859","OSBPL9"
"ENSG00000117862","TXNDC12"
"ENSG00000117868","ESYT2"
"ENSG00000117899","MESD"
"ENSG00000117906","RCN2"
"ENSG00000118007","STAG1"
"ENSG00000118096","IFT46"
"ENSG00000118162","KPTN"
"ENSG00000118197","DDX59"
"ENSG00000118217","ATF6"
"ENSG00000118246","FASTKD2"
"ENSG00000118260","CREB1"
"ENSG00000118412","CASP8AP2"
"ENSG00000118418","HMGN3"
"ENSG00000118454","ANKRD13C"
"ENSG00000118482","PHF3"
"ENSG00000118496","FBXO30"
"ENSG00000118507","AKAP7"
"ENSG00000118515","SGK1"
"ENSG00000118518","RNF146"
"ENSG00000118564","FBXL5"
"ENSG00000118579","MED28"
"ENSG00000118705","RPN2"
"ENSG00000118762","PKD2"
"ENSG00000118816","CCNI"
"ENSG00000118855","MFSD1"
"ENSG00000118873","RAB3GAP2"
"ENSG00000118900","UBN1"
"ENSG00000118961","LDAH"
"ENSG00000119041","GTF3C3"
"ENSG00000119048","UBE2B"
"ENSG00000119139","TJP2"
"ENSG00000119185","ITGB1BP1"
"ENSG00000119203","CPSF3"
"ENSG00000119231","SENP5"
"ENSG00000119285","HEATR1"
"ENSG00000119318","RAD23B"
"ENSG00000119321","FKBP15"
"ENSG00000119326","CTNNAL1"
"ENSG00000119328","ABITRAM"
"ENSG00000119383","PTPA"
"ENSG00000119396","RAB14"
"ENSG00000119401","TRIM32"
"ENSG00000119402","FBXW2"
"ENSG00000119408","NEK6"
"ENSG00000119414","PPP6C"
"ENSG00000119446","RBM18"
"ENSG00000119471","HSDL2"
"ENSG00000119487","MAPKAP1"
"ENSG00000119522","DENND1A"
"ENSG00000119523","ALG2"
"ENSG00000119537","KDSR"
"ENSG00000119541","VPS4B"
"ENSG00000119596","YLPM1"
"ENSG00000119616","FCF1"
"ENSG00000119632","IFI27L2"
"ENSG00000119638","NEK9"
"ENSG00000119650","IFT43"
"ENSG00000119655","NPC2"
"ENSG00000119684","MLH3"
"ENSG00000119685","TTLL5"
"ENSG00000119688","ABCD4"
"ENSG00000119689","DLST"
"ENSG00000119705","SLIRP"
"ENSG00000119707","RBM25"
"ENSG00000119711","ALDH6A1"
"ENSG00000119718","EIF2B2"
"ENSG00000119720","NRDE2"
"ENSG00000119723","COQ6"
"ENSG00000119725","ZNF410"
"ENSG00000119729","RHOQ"
"ENSG00000119777","TMEM214"
"ENSG00000119787","ATL2"
"ENSG00000119812","FAM98A"
"ENSG00000119820","YIPF4"
"ENSG00000119844","AFTPH"
"ENSG00000119912","IDE"
"ENSG00000119917","IFIT3"
"ENSG00000119929","CUTC"
"ENSG00000119950","MXI1"
"ENSG00000119953","SMNDC1"
"ENSG00000119965","C10orf88"
"ENSG00000119979","DENND10"
"ENSG00000119986","AVPI1"
"ENSG00000120008","WDR11"
"ENSG00000120029","ARMH3"
"ENSG00000120053","GOT1"
"ENSG00000120063","GNA13"
"ENSG00000120071","KANSL1"
"ENSG00000120137","PANK3"
"ENSG00000120158","RCL1"
"ENSG00000120159","CAAP1"
"ENSG00000120265","PCMT1"
"ENSG00000120306","CYSTM1"
"ENSG00000120314","WDR55"
"ENSG00000120333","MRPS14"
"ENSG00000120370","GORAB"
"ENSG00000120437","ACAT2"
"ENSG00000120438","TCP1"
"ENSG00000120451","SNX19"
"ENSG00000120458","MSANTD2"
"ENSG00000120509","PDZD11"
"ENSG00000120526","NUDCD1"
"ENSG00000120616","EPC1"
"ENSG00000120647","CCDC77"
"ENSG00000120656","TAF12"
"ENSG00000120662","MTRF1"
"ENSG00000120675","DNAJC15"
"ENSG00000120685","PROSER1"
"ENSG00000120688","WBP4"
"ENSG00000120690","ELF1"
"ENSG00000120694","HSPH1"
"ENSG00000120697","ALG5"
"ENSG00000120699","EXOSC8"
"ENSG00000120705","ETF1"
"ENSG00000120709","FAM53C"
"ENSG00000120725","SIL1"
"ENSG00000120733","KDM3B"
"ENSG00000120742","SERP1"
"ENSG00000120798","NR2C1"
"ENSG00000120800","UTP20"
"ENSG00000120802","TMPO"
"ENSG00000120805","ARL1"
"ENSG00000120832","MTERF2"
"ENSG00000120837","NFYB"
"ENSG00000120860","WASHC3"
"ENSG00000120885","CLU"
"ENSG00000120910","PPP3CC"
"ENSG00000120925","RNF170"
"ENSG00000120948","TARDBP"
"ENSG00000120963","ZNF706"
"ENSG00000121022","COPS5"
"ENSG00000121039","RDH10"
"ENSG00000121057","AKAP1"
"ENSG00000121064","SCPEP1"
"ENSG00000121067","SPOP"
"ENSG00000121073","SLC35B1"
"ENSG00000121274","TENT4B"
"ENSG00000121289","CEP89"
"ENSG00000121350","PYROXD1"
"ENSG00000121390","PSPC1"
"ENSG00000121417","ZNF211"
"ENSG00000121481","RNF2"
"ENSG00000121486","TRMT1L"
"ENSG00000121542","SEC22A"
"ENSG00000121578","B4GALT4"
"ENSG00000121579","NAA50"
"ENSG00000121671","CRY2"
"ENSG00000121691","CAT"
"ENSG00000121741","ZMYM2"
"ENSG00000121749","TBC1D15"
"ENSG00000121766","ZCCHC17"
"ENSG00000121774","KHDRBS1"
"ENSG00000121775","TMEM39B"
"ENSG00000121858","TNFSF10"
"ENSG00000121864","ZNF639"
"ENSG00000121879","PIK3CA"
"ENSG00000121892","PDS5A"
"ENSG00000121897","LIAS"
"ENSG00000121931","LRIF1"
"ENSG00000121940","CLCC1"
"ENSG00000121964","GTDC1"
"ENSG00000122026","RPL21"
"ENSG00000122033","MTIF3"
"ENSG00000122034","GTF3A"
"ENSG00000122042","UBL3"
"ENSG00000122085","MTERF4"
"ENSG00000122126","OCRL"
"ENSG00000122203","KIAA1191"
"ENSG00000122218","COPA"
"ENSG00000122257","RBBP6"
"ENSG00000122299","ZC3H7A"
"ENSG00000122335","SERAC1"
"ENSG00000122359","ANXA11"
"ENSG00000122378","PRXL2A"
"ENSG00000122390","NAA60"
"ENSG00000122406","RPL5"
"ENSG00000122417","ODF2L"
"ENSG00000122435","TRMT13"
"ENSG00000122481","RWDD3"
"ENSG00000122482","ZNF644"
"ENSG00000122484","RPAP2"
"ENSG00000122507","BBS9"
"ENSG00000122512","PMS2"
"ENSG00000122515","ZMIZ2"
"ENSG00000122545","SEPTIN7"
"ENSG00000122550","KLHL7"
"ENSG00000122557","HERPUD2"
"ENSG00000122566","HNRNPA2B1"
"ENSG00000122642","FKBP9"
"ENSG00000122643","NT5C3A"
"ENSG00000122674","CCZ1"
"ENSG00000122692","SMU1"
"ENSG00000122696","SLC25A51"
"ENSG00000122705","CLTA"
"ENSG00000122729","ACO1"
"ENSG00000122741","DCAF10"
"ENSG00000122779","TRIM24"
"ENSG00000122786","CALD1"
"ENSG00000122882","ECD"
"ENSG00000122884","P4HA1"
"ENSG00000122912","SLC25A16"
"ENSG00000122958","VPS26A"
"ENSG00000122965","RBM19"
"ENSG00000123064","DDX54"
"ENSG00000123066","MED13L"
"ENSG00000123091","RNF11"
"ENSG00000123106","CCDC91"
"ENSG00000123124","WWP1"
"ENSG00000123130","ACOT9"
"ENSG00000123131","PRDX4"
"ENSG00000123136","DDX39A"
"ENSG00000123143","PKN1"
"ENSG00000123144","TRIR"
"ENSG00000123178","SPRYD7"
"ENSG00000123179","EBPL"
"ENSG00000123200","ZC3H13"
"ENSG00000123213","NLN"
"ENSG00000123297","TSFM"
"ENSG00000123349","PFDN5"
"ENSG00000123352","SPATS2"
"ENSG00000123353","ORMDL2"
"ENSG00000123395","ATG101"
"ENSG00000123444","KBTBD4"
"ENSG00000123505","AMD1"
"ENSG00000123575","FAM199X"
"ENSG00000123595","RAB9A"
"ENSG00000123600","METTL8"
"ENSG00000123728","RAP2C"
"ENSG00000123737","EXOSC9"
"ENSG00000123983","ACSL3"
"ENSG00000124067","SLC12A4"
"ENSG00000124155","PIGT"
"ENSG00000124160","NCOA5"
"ENSG00000124164","VAPB"
"ENSG00000124181","PLCG1"
"ENSG00000124201","ZNFX1"
"ENSG00000124207","CSE1L"
"ENSG00000124209","RAB22A"
"ENSG00000124214","STAU1"
"ENSG00000124217","MOCS3"
"ENSG00000124228","DDX27"
"ENSG00000124275","MTRR"
"ENSG00000124279","FASTKD3"
"ENSG00000124299","PEPD"
"ENSG00000124333","VAMP7"
"ENSG00000124356","STAMBP"
"ENSG00000124357","NAGK"
"ENSG00000124383","MPHOSPH10"
"ENSG00000124422","USP22"
"ENSG00000124444","ZNF576"
"ENSG00000124486","USP9X"
"ENSG00000124523","SIRT5"
"ENSG00000124532","MRS2"
"ENSG00000124541","RRP36"
"ENSG00000124562","SNRPC"
"ENSG00000124571","XPO5"
"ENSG00000124574","ABCC10"
"ENSG00000124587","PEX6"
"ENSG00000124596","OARD1"
"ENSG00000124659","TBCC"
"ENSG00000124688","MAD2L1BP"
"ENSG00000124702","KLHDC3"
"ENSG00000124733","MEA1"
"ENSG00000124767","GLO1"
"ENSG00000124783","SSR1"
"ENSG00000124784","RIOK1"
"ENSG00000124789","NUP153"
"ENSG00000124802","EEF1E1"
"ENSG00000124831","LRRFIP1"
"ENSG00000125037","EMC3"
"ENSG00000125107","CNOT1"
"ENSG00000125124","BBS2"
"ENSG00000125149","PHAF1"
"ENSG00000125166","GOT2"
"ENSG00000125246","CLYBL"
"ENSG00000125247","TMTC4"
"ENSG00000125304","TM9SF2"
"ENSG00000125347","IRF1"
"ENSG00000125351","UPF3B"
"ENSG00000125375","DMAC2L"
"ENSG00000125386","FAM193A"
"ENSG00000125447","GGA3"
"ENSG00000125450","NUP85"
"ENSG00000125457","MIF4GD"
"ENSG00000125485","DDX31"
"ENSG00000125611","CHCHD5"
"ENSG00000125629","INSIG2"
"ENSG00000125630","POLR1B"
"ENSG00000125633","CCDC93"
"ENSG00000125676","THOC2"
"ENSG00000125703","ATG4C"
"ENSG00000125733","TRIP10"
"ENSG00000125743","SNRPD2"
"ENSG00000125753","VASP"
"ENSG00000125772","GPCPD1"
"ENSG00000125779","PANK2"
"ENSG00000125818","PSMF1"
"ENSG00000125826","RBCK1"
"ENSG00000125827","TMX4"
"ENSG00000125835","SNRPB"
"ENSG00000125844","RRBP1"
"ENSG00000125846","ZNF133"
"ENSG00000125863","MKKS"
"ENSG00000125871","MGME1"
"ENSG00000125875","TBC1D20"
"ENSG00000125885","MCM8"
"ENSG00000125944","HNRNPR"
"ENSG00000125952","MAX"
"ENSG00000125970","RALY"
"ENSG00000125971","DYNLRB1"
"ENSG00000125991","ERGIC3"
"ENSG00000126001","CEP250"
"ENSG00000126012","KDM5C"
"ENSG00000126062","TMEM115"
"ENSG00000126067","PSMB2"
"ENSG00000126088","UROD"
"ENSG00000126107","HECTD3"
"ENSG00000126214","KLC1"
"ENSG00000126216","TUBGCP3"
"ENSG00000126226","PCID2"
"ENSG00000126247","CAPNS1"
"ENSG00000126254","RBM42"
"ENSG00000126261","UBA2"
"ENSG00000126351","THRA"
"ENSG00000126368","NR1D1"
"ENSG00000126456","IRF3"
"ENSG00000126457","PRMT1"
"ENSG00000126524","SBDS"
"ENSG00000126581","BECN1"
"ENSG00000126602","TRAP1"
"ENSG00000126709","IFI6"
"ENSG00000126746","ZNF384"
"ENSG00000126749","EMG1"
"ENSG00000126756","UXT"
"ENSG00000126768","TIMM17B"
"ENSG00000126775","ATG14"
"ENSG00000126777","KTN1"
"ENSG00000126790","L3HYPDH"
"ENSG00000126804","ZBTB1"
"ENSG00000126814","TRMT5"
"ENSG00000126821","SGPP1"
"ENSG00000126858","RHOT1"
"ENSG00000126870","DYNC2I1"
"ENSG00000126883","NUP214"
"ENSG00000126934","MAP2K2"
"ENSG00000126970","ZC4H2"
"ENSG00000127022","CANX"
"ENSG00000127054","INTS11"
"ENSG00000127080","IPPK"
"ENSG00000127337","YEATS4"
"ENSG00000127415","IDUA"
"ENSG00000127445","PIN1"
"ENSG00000127463","EMC1"
"ENSG00000127481","UBR4"
"ENSG00000127483","HP1BP3"
"ENSG00000127511","SIN3B"
"ENSG00000127527","EPS15L1"
"ENSG00000127603","MACF1"
"ENSG00000127774","EMC6"
"ENSG00000127804","METTL16"
"ENSG00000127837","AAMP"
"ENSG00000127870","RNF6"
"ENSG00000127884","ECHS1"
"ENSG00000127914","AKAP9"
"ENSG00000127947","PTPN12"
"ENSG00000127948","POR"
"ENSG00000127980","PEX1"
"ENSG00000127989","MTERF1"
"ENSG00000127995","CASD1"
"ENSG00000128000","ZNF780B"
"ENSG00000128039","SRD5A3"
"ENSG00000128050","PAICS"
"ENSG00000128059","PPAT"
"ENSG00000128191","DGCR8"
"ENSG00000128272","ATF4"
"ENSG00000128463","EMC4"
"ENSG00000128513","POT1"
"ENSG00000128524","ATP6V1F"
"ENSG00000128563","PRKRIP1"
"ENSG00000128585","MKLN1"
"ENSG00000128595","CALU"
"ENSG00000128654","MTX2"
"ENSG00000128699","ORMDL1"
"ENSG00000128708","HAT1"
"ENSG00000128739","SNRPN"
"ENSG00000128791","TWSG1"
"ENSG00000128829","EIF2AK4"
"ENSG00000128891","CCDC32"
"ENSG00000128908","INO80"
"ENSG00000128915","ICE2"
"ENSG00000128923","MINDY2"
"ENSG00000128928","IVD"
"ENSG00000128951","DUT"
"ENSG00000128973","CLN6"
"ENSG00000129071","MBD4"
"ENSG00000129083","COPB1"
"ENSG00000129084","PSMA1"
"ENSG00000129128","SPCS3"
"ENSG00000129158","SERGEF"
"ENSG00000129187","DCTD"
"ENSG00000129235","TXNDC17"
"ENSG00000129245","FXR2"
"ENSG00000129250","KIF1C"
"ENSG00000129255","MPDU1"
"ENSG00000129292","PHF20L1"
"ENSG00000129317","PUS7L"
"ENSG00000129347","KRI1"
"ENSG00000129351","ILF3"
"ENSG00000129353","SLC44A2"
"ENSG00000129460","NGDN"
"ENSG00000129472","RAB2B"
"ENSG00000129480","DTD2"
"ENSG00000129484","PARP2"
"ENSG00000129493","HEATR5A"
"ENSG00000129515","SNX6"
"ENSG00000129518","EAPP"
"ENSG00000129559","NEDD8"
"ENSG00000129562","DAD1"
"ENSG00000129566","TEP1"
"ENSG00000129625","REEP5"
"ENSG00000129636","ITFG1"
"ENSG00000129657","SEC14L1"
"ENSG00000129675","ARHGEF6"
"ENSG00000129691","ASH2L"
"ENSG00000129696","TTI2"
"ENSG00000130021","PUDP"
"ENSG00000130023","ERMARD"
"ENSG00000130024","PHF10"
"ENSG00000130066","SAT1"
"ENSG00000130150","MOSPD2"
"ENSG00000130159","ECSIT"
"ENSG00000130165","ELOF1"
"ENSG00000130175","PRKCSH"
"ENSG00000130177","CDC16"
"ENSG00000130227","XPO7"
"ENSG00000130254","SAFB2"
"ENSG00000130305","NSUN5"
"ENSG00000130311","DDA1"
"ENSG00000130313","PGLS"
"ENSG00000130340","SNX9"
"ENSG00000130347","RTN4IP1"
"ENSG00000130348","QRSL1"
"ENSG00000130363","RSPH3"
"ENSG00000130396","AFDN"
"ENSG00000130402","ACTN4"
"ENSG00000130414","NDUFA10"
"ENSG00000130520","LSM4"
"ENSG00000130560","UBAC1"
"ENSG00000130638","ATXN10"
"ENSG00000130640","TUBGCP2"
"ENSG00000130695","CEP85"
"ENSG00000130699","TAF4"
"ENSG00000130703","OSBPL2"
"ENSG00000130706","ADRM1"
"ENSG00000130713","EXOSC2"
"ENSG00000130714","POMT1"
"ENSG00000130717","UCK1"
"ENSG00000130724","CHMP2A"
"ENSG00000130725","UBE2M"
"ENSG00000130726","TRIM28"
"ENSG00000130733","YIPF2"
"ENSG00000130741","EIF2S3"
"ENSG00000130764","LRRC47"
"ENSG00000130770","ATP5IF1"
"ENSG00000130772","MED18"
"ENSG00000130779","CLIP1"
"ENSG00000130821","SLC6A8"
"ENSG00000130826","DKC1"
"ENSG00000130830","MPP1"
"ENSG00000130844","ZNF331"
"ENSG00000130921","MTRFR"
"ENSG00000130935","NOL11"
"ENSG00000130939","UBE4B"
"ENSG00000130956","HABP4"
"ENSG00000130985","UBA1"
"ENSG00000131043","AAR2"
"ENSG00000131051","RBM39"
"ENSG00000131069","ACSS2"
"ENSG00000131089","ARHGEF9"
"ENSG00000131115","ZNF227"
"ENSG00000131116","ZNF428"
"ENSG00000131143","COX4I1"
"ENSG00000131165","CHMP1A"
"ENSG00000131171","SH3BGRL"
"ENSG00000131174","COX7B"
"ENSG00000131238","PPT1"
"ENSG00000131263","RLIM"
"ENSG00000131269","ABCB7"
"ENSG00000131323","TRAF3"
"ENSG00000131351","HAUS8"
"ENSG00000131370","SH3BP5"
"ENSG00000131373","HACL1"
"ENSG00000131374","TBC1D5"
"ENSG00000131375","CAPN7"
"ENSG00000131389","SLC6A6"
"ENSG00000131408","NR1H2"
"ENSG00000131437","KIF3A"
"ENSG00000131462","TUBG1"
"ENSG00000131467","PSME3"
"ENSG00000131473","ACLY"
"ENSG00000131475","VPS25"
"ENSG00000131503","ANKHD1"
"ENSG00000131504","DIAPH1"
"ENSG00000131507","NDFIP1"
"ENSG00000131508","UBE2D2"
"ENSG00000131626","PPFIA1"
"ENSG00000131652","THOC6"
"ENSG00000131653","TRAF7"
"ENSG00000131724","IL13RA1"
"ENSG00000131725","WDR44"
"ENSG00000131732","ZCCHC9"
"ENSG00000131748","STARD3"
"ENSG00000131778","CHD1L"
"ENSG00000131791","PRKAB2"
"ENSG00000131828","PDHA1"
"ENSG00000131844","MCCC2"
"ENSG00000131871","SELENOS"
"ENSG00000131876","SNRPA1"
"ENSG00000131931","THAP1"
"ENSG00000131966","ACTR10"
"ENSG00000131981","LGALS3"
"ENSG00000132002","DNAJB1"
"ENSG00000132128","LRRC41"
"ENSG00000132153","DHX30"
"ENSG00000132155","RAF1"
"ENSG00000132196","HSD17B7"
"ENSG00000132199","ENOSF1"
"ENSG00000132254","ARFIP2"
"ENSG00000132274","TRIM22"
"ENSG00000132275","RRP8"
"ENSG00000132294","EFR3A"
"ENSG00000132300","PTCD3"
"ENSG00000132305","IMMT"
"ENSG00000132313","MRPL35"
"ENSG00000132323","ILKAP"
"ENSG00000132326","PER2"
"ENSG00000132330","SCLY"
"ENSG00000132356","PRKAA1"
"ENSG00000132376","INPP5K"
"ENSG00000132383","RPA1"
"ENSG00000132386","SERPINF1"
"ENSG00000132388","UBE2G1"
"ENSG00000132406","TMEM128"
"ENSG00000132423","COQ3"
"ENSG00000132424","PNISR"
"ENSG00000132432","SEC61G"
"ENSG00000132434","LANCL2"
"ENSG00000132463","GRSF1"
"ENSG00000132466","ANKRD17"
"ENSG00000132467","UTP3"
"ENSG00000132471","WBP2"
"ENSG00000132485","ZRANB2"
"ENSG00000132522","GPS2"
"ENSG00000132549","VPS13B"
"ENSG00000132570","PCBD2"
"ENSG00000132589","FLOT2"
"ENSG00000132591","ERAL1"
"ENSG00000132600","PRMT7"
"ENSG00000132604","TERF2"
"ENSG00000132612","VPS4A"
"ENSG00000132635","PCED1A"
"ENSG00000132640","BTBD3"
"ENSG00000132646","PCNA"
"ENSG00000132664","POLR3F"
"ENSG00000132670","PTPRA"
"ENSG00000132676","DAP3"
"ENSG00000132680","KHDC4"
"ENSG00000132694","ARHGEF11"
"ENSG00000132716","DCAF8"
"ENSG00000132740","IGHMBP2"
"ENSG00000132768","DPH2"
"ENSG00000132773","TOE1"
"ENSG00000132780","NASP"
"ENSG00000132792","CTNNBL1"
"ENSG00000132823","OSER1"
"ENSG00000132824","SERINC3"
"ENSG00000132842","AP3B1"
"ENSG00000132906","CASP9"
"ENSG00000132912","DCTN4"
"ENSG00000132952","USPL1"
"ENSG00000132953","XPO4"
"ENSG00000132964","CDK8"
"ENSG00000133030","MPRIP"
"ENSG00000133103","COG6"
"ENSG00000133104","SPART"
"ENSG00000133111","RFXAP"
"ENSG00000133226","SRRM1"
"ENSG00000133275","CSNK1G2"
"ENSG00000133316","WDR74"
"ENSG00000133318","RTN3"
"ENSG00000133398","MED10"
"ENSG00000133422","MORC2"
"ENSG00000133597","ADCK2"
"ENSG00000133606","MKRN1"
"ENSG00000133627","ACTR3B"
"ENSG00000133641","RLIG1"
"ENSG00000133678","TMEM254"
"ENSG00000133704","IPO8"
"ENSG00000133706","LARS1"
"ENSG00000133731","IMPA1"
"ENSG00000133773","CCDC59"
"ENSG00000133789","SWAP70"
"ENSG00000133794","BMAL1"
"ENSG00000133812","SBF2"
"ENSG00000133818","RRAS2"
"ENSG00000133835","HSD17B4"
"ENSG00000133858","ZFC3H1"
"ENSG00000133872","SARAF"
"ENSG00000133884","DPF2"
"ENSG00000133895","MEN1"
"ENSG00000133935","ERG28"
"ENSG00000133943","DGLUCY"
"ENSG00000133961","NUMB"
"ENSG00000134001","EIF2S1"
"ENSG00000134014","ELP3"
"ENSG00000134046","MBD2"
"ENSG00000134072","CAMK1"
"ENSG00000134077","THUMPD3"
"ENSG00000134108","ARL8B"
"ENSG00000134109","EDEM1"
"ENSG00000134146","DPH6"
"ENSG00000134152","KATNBL1"
"ENSG00000134153","EMC7"
"ENSG00000134186","PRPF38B"
"ENSG00000134202","GSTM3"
"ENSG00000134243","SORT1"
"ENSG00000134255","CEPT1"
"ENSG00000134262","AP4B1"
"ENSG00000134265","NAPG"
"ENSG00000134283","PPHLN1"
"ENSG00000134287","ARF3"
"ENSG00000134294","SLC38A2"
"ENSG00000134313","KIDINS220"
"ENSG00000134330","IAH1"
"ENSG00000134333","LDHA"
"ENSG00000134371","CDC73"
"ENSG00000134375","TIMM17A"
"ENSG00000134440","NARS1"
"ENSG00000134444","RELCH"
"ENSG00000134452","FBH1"
"ENSG00000134453","RBM17"
"ENSG00000134461","ANKRD16"
"ENSG00000134480","CCNH"
"ENSG00000134574","DDB2"
"ENSG00000134575","ACP2"
"ENSG00000134597","RBMX2"
"ENSG00000134644","PUM1"
"ENSG00000134684","YARS1"
"ENSG00000134686","PHC2"
"ENSG00000134697","GNL2"
"ENSG00000134698","AGO4"
"ENSG00000134717","BTF3L4"
"ENSG00000134744","TUT4"
"ENSG00000134748","PRPF38A"
"ENSG00000134758","RNF138"
"ENSG00000134759","ELP2"
"ENSG00000134779","TPGS2"
"ENSG00000134809","TIMM10"
"ENSG00000134824","FADS2"
"ENSG00000134825","TMEM258"
"ENSG00000134851","TMEM165"
"ENSG00000134852","CLOCK"
"ENSG00000134882","UBAC2"
"ENSG00000134897","BIVM"
"ENSG00000134900","TPP2"
"ENSG00000134905","CARS2"
"ENSG00000134910","STT3A"
"ENSG00000134982","APC"
"ENSG00000134987","WDR36"
"ENSG00000134996","OSTF1"
"ENSG00000135018","UBQLN1"
"ENSG00000135040","NAA35"
"ENSG00000135049","AGTPBP1"
"ENSG00000135052","GOLM1"
"ENSG00000135070","ISCA1"
"ENSG00000135090","TAOK3"
"ENSG00000135093","USP30"
"ENSG00000135108","FBXO21"
"ENSG00000135124","P2RX4"
"ENSG00000135148","TRAFD1"
"ENSG00000135164","DMTF1"
"ENSG00000135211","TMEM60"
"ENSG00000135241","PNPLA8"
"ENSG00000135249","RINT1"
"ENSG00000135250","SRPK2"
"ENSG00000135297","MTO1"
"ENSG00000135315","CEP162"
"ENSG00000135316","SYNCRIP"
"ENSG00000135317","SNX14"
"ENSG00000135334","AKIRIN2"
"ENSG00000135336","ORC3"
"ENSG00000135341","MAP3K7"
"ENSG00000135365","PHF21A"
"ENSG00000135372","NAT10"
"ENSG00000135387","CAPRIN1"
"ENSG00000135392","DNAJC14"
"ENSG00000135404","CD63"
"ENSG00000135446","CDK4"
"ENSG00000135452","TSPAN31"
"ENSG00000135457","TFCP2"
"ENSG00000135469","COQ10A"
"ENSG00000135473","PAN2"
"ENSG00000135506","OS9"
"ENSG00000135521","LTV1"
"ENSG00000135587","SMPD2"
"ENSG00000135597","REPS1"
"ENSG00000135617","PRADC1"
"ENSG00000135624","CCT7"
"ENSG00000135632","SMYD5"
"ENSG00000135637","CCDC142"
"ENSG00000135655","USP15"
"ENSG00000135677","GNS"
"ENSG00000135679","MDM2"
"ENSG00000135698","MPHOSPH6"
"ENSG00000135720","DYNC1LI2"
"ENSG00000135766","EGLN1"
"ENSG00000135775","COG2"
"ENSG00000135776","ABCB10"
"ENSG00000135778","NTPCR"
"ENSG00000135801","TAF5L"
"ENSG00000135821","GLUL"
"ENSG00000135823","STX6"
"ENSG00000135829","DHX9"
"ENSG00000135837","CEP350"
"ENSG00000135845","PIGC"
"ENSG00000135862","LAMC1"
"ENSG00000135899","SP110"
"ENSG00000135900","MRPL44"
"ENSG00000135912","TTLL4"
"ENSG00000135916","ITM2C"
"ENSG00000135919","SERPINE2"
"ENSG00000135924","DNAJB2"
"ENSG00000135926","TMBIM1"
"ENSG00000135929","CYP27A1"
"ENSG00000135930","EIF4E2"
"ENSG00000135932","CAB39"
"ENSG00000135940","COX5B"
"ENSG00000135945","REV1"
"ENSG00000135968","GCC2"
"ENSG00000135972","MRPS9"
"ENSG00000135974","C2orf49"
"ENSG00000135999","EPC2"
"ENSG00000136003","ISCU"
"ENSG00000136021","SCYL2"
"ENSG00000136044","APPL2"
"ENSG00000136045","PWP1"
"ENSG00000136051","WASHC4"
"ENSG00000136104","RNASEH2B"
"ENSG00000136111","TBC1D4"
"ENSG00000136143","SUCLA2"
"ENSG00000136144","RCBTB1"
"ENSG00000136146","MED4"
"ENSG00000136147","PHF11"
"ENSG00000136152","COG3"
"ENSG00000136156","ITM2B"
"ENSG00000136158","SPRY2"
"ENSG00000136161","RCBTB2"
"ENSG00000136169","SETDB2"
"ENSG00000136238","RAC1"
"ENSG00000136240","KDELR2"
"ENSG00000136243","NUP42"
"ENSG00000136247","ZDHHC4"
"ENSG00000136261","BZW2"
"ENSG00000136270","TBRG4"
"ENSG00000136271","DDX56"
"ENSG00000136273","HUS1"
"ENSG00000136279","DBNL"
"ENSG00000136280","CCM2"
"ENSG00000136319","TTC5"
"ENSG00000136371","MTHFS"
"ENSG00000136381","IREB2"
"ENSG00000136436","CALCOCO2"
"ENSG00000136448","NMT1"
"ENSG00000136451","VEZF1"
"ENSG00000136463","TACO1"
"ENSG00000136478","TEX2"
"ENSG00000136485","DCAF7"
"ENSG00000136504","KAT7"
"ENSG00000136518","ACTL6A"
"ENSG00000136521","NDUFB5"
"ENSG00000136522","MRPL47"
"ENSG00000136527","TRA2B"
"ENSG00000136536","MARCHF7"
"ENSG00000136560","TANK"
"ENSG00000136628","EPRS1"
"ENSG00000136631","VPS45"
"ENSG00000136636","KCTD3"
"ENSG00000136643","RPS6KC1"
"ENSG00000136709","WDR33"
"ENSG00000136715","SAP130"
"ENSG00000136717","BIN1"
"ENSG00000136731","UGGT1"
"ENSG00000136738","STAM"
"ENSG00000136754","ABI1"
"ENSG00000136758","YME1L1"
"ENSG00000136770","DNAJC1"
"ENSG00000136783","NIPSNAP3A"
"ENSG00000136807","CDK9"
"ENSG00000136813","ECPAS"
"ENSG00000136816","TOR1B"
"ENSG00000136819","C9orf78"
"ENSG00000136824","SMC2"
"ENSG00000136827","TOR1A"
"ENSG00000136861","CDK5RAP2"
"ENSG00000136870","ZNF189"
"ENSG00000136874","STX17"
"ENSG00000136875","PRPF4"
"ENSG00000136878","USP20"
"ENSG00000136888","ATP6V1G1"
"ENSG00000136891","TEX10"
"ENSG00000136908","DPM2"
"ENSG00000136930","PSMB7"
"ENSG00000136932","TRMO"
"ENSG00000136933","RABEPK"
"ENSG00000136935","GOLGA1"
"ENSG00000136936","XPA"
"ENSG00000136937","NCBP1"
"ENSG00000136938","ANP32B"
"ENSG00000137038","DMAC1"
"ENSG00000137055","PLAA"
"ENSG00000137070","IL11RA"
"ENSG00000137073","UBAP2"
"ENSG00000137074","APTX"
"ENSG00000137075","RNF38"
"ENSG00000137076","TLN1"
"ENSG00000137106","GRHPR"
"ENSG00000137133","HINT2"
"ENSG00000137161","CNPY3"
"ENSG00000137168","PPIL1"
"ENSG00000137171","KLC4"
"ENSG00000137177","KIF13A"
"ENSG00000137193","PIM1"
"ENSG00000137198","GMPR"
"ENSG00000137200","CMTR1"
"ENSG00000137207","YIPF3"
"ENSG00000137216","TMEM63B"
"ENSG00000137275","RIPK1"
"ENSG00000137288","UQCC2"
"ENSG00000137312","FLOT1"
"ENSG00000137337","MDC1"
"ENSG00000137343","ATAT1"
"ENSG00000137409","MTCH1"
"ENSG00000137411","VARS2"
"ENSG00000137478","FCHSD2"
"ENSG00000137486","ARRB1"
"ENSG00000137492","THAP12"
"ENSG00000137494","ANKRD42"
"ENSG00000137496","IL18BP"
"ENSG00000137497","NUMA1"
"ENSG00000137500","CCDC90B"
"ENSG00000137502","RAB30"
"ENSG00000137509","PRCP"
"ENSG00000137513","NARS2"
"ENSG00000137547","MRPL15"
"ENSG00000137563","GGH"
"ENSG00000137574","TGS1"
"ENSG00000137575","SDCBP"
"ENSG00000137601","NEK1"
"ENSG00000137656","BUD13"
"ENSG00000137692","DCUN1D5"
"ENSG00000137700","SLC37A4"
"ENSG00000137710","RDX"
"ENSG00000137713","PPP2R1B"
"ENSG00000137714","FDX1"
"ENSG00000137764","MAP2K5"
"ENSG00000137767","SQOR"
"ENSG00000137770","CTDSPL2"
"ENSG00000137776","SLTM"
"ENSG00000137806","NDUFAF1"
"ENSG00000137814","HAUS2"
"ENSG00000137815","RTF1"
"ENSG00000137817","PARP6"
"ENSG00000137822","TUBGCP4"
"ENSG00000137831","UACA"
"ENSG00000137842","TMEM62"
"ENSG00000137845","ADAM10"
"ENSG00000137871","ZNF280D"
"ENSG00000137944","KYAT3"
"ENSG00000137947","GTF2B"
"ENSG00000137955","RABGGTB"
"ENSG00000137959","IFI44L"
"ENSG00000137992","DBT"
"ENSG00000137996","RTCA"
"ENSG00000138002","IFT172"
"ENSG00000138029","HADHB"
"ENSG00000138032","PPM1B"
"ENSG00000138035","PNPT1"
"ENSG00000138050","THUMPD2"
"ENSG00000138069","RAB1A"
"ENSG00000138071","ACTR2"
"ENSG00000138073","PREB"
"ENSG00000138074","SLC5A6"
"ENSG00000138078","PREPL"
"ENSG00000138081","FBXO11"
"ENSG00000138085","ATRAID"
"ENSG00000138095","LRPPRC"
"ENSG00000138107","ACTR1A"
"ENSG00000138138","ATAD1"
"ENSG00000138190","EXOC6"
"ENSG00000138246","DNAJC13"
"ENSG00000138279","ANXA7"
"ENSG00000138286","FAM149B1"
"ENSG00000138303","ASCC1"
"ENSG00000138326","RPS24"
"ENSG00000138363","ATIC"
"ENSG00000138375","SMARCAL1"
"ENSG00000138381","ASNSD1"
"ENSG00000138382","METTL5"
"ENSG00000138385","SSB"
"ENSG00000138386","NAB1"
"ENSG00000138399","FASTKD1"
"ENSG00000138413","IDH1"
"ENSG00000138430","OLA1"
"ENSG00000138434","ITPRID2"
"ENSG00000138442","WDR12"
"ENSG00000138443","ABI2"
"ENSG00000138448","ITGAV"
"ENSG00000138459","SLC35A5"
"ENSG00000138463","SLC49A4"
"ENSG00000138468","SENP7"
"ENSG00000138495","COX17"
"ENSG00000138496","PARP9"
"ENSG00000138593","SECISBP2L"
"ENSG00000138594","TMOD3"
"ENSG00000138604","GLCE"
"ENSG00000138613","APH1B"
"ENSG00000138614","INTS14"
"ENSG00000138621","PPCDC"
"ENSG00000138640","FAM13A"
"ENSG00000138641","HERC3"
"ENSG00000138663","COPS4"
"ENSG00000138668","HNRNPD"
"ENSG00000138674","SEC31A"
"ENSG00000138686","BBS7"
"ENSG00000138688","BLTP1"
"ENSG00000138698","RAP1GDS1"
"ENSG00000138709","LARP1B"
"ENSG00000138744","NAAA"
"ENSG00000138750","NUP54"
"ENSG00000138756","BMP2K"
"ENSG00000138757","G3BP2"
"ENSG00000138758","SEPTIN11"
"ENSG00000138760","SCARB2"
"ENSG00000138764","CCNG2"
"ENSG00000138768","USO1"
"ENSG00000138777","PPA2"
"ENSG00000138785","INTS12"
"ENSG00000138794","CASP6"
"ENSG00000138796","HADH"
"ENSG00000138801","PAPSS1"
"ENSG00000138802","SEC24B"
"ENSG00000138814","PPP3CA"
"ENSG00000138835","RGS3"
"ENSG00000138942","RNF185"
"ENSG00000139112","GABARAPL1"
"ENSG00000139117","CPNE8"
"ENSG00000139131","YARS2"
"ENSG00000139154","AEBP2"
"ENSG00000139163","ETNK1"
"ENSG00000139168","ZCRB1"
"ENSG00000139180","NDUFA9"
"ENSG00000139197","PEX5"
"ENSG00000139218","SCAF11"
"ENSG00000139233","LLPH"
"ENSG00000139266","MARCHF9"
"ENSG00000139291","TMEM19"
"ENSG00000139323","POC1B"
"ENSG00000139324","TMTC3"
"ENSG00000139428","MMAB"
"ENSG00000139436","GIT2"
"ENSG00000139437","TCHP"
"ENSG00000139496","NUP58"
"ENSG00000139505","MTMR6"
"ENSG00000139546","TARBP2"
"ENSG00000139579","NABP2"
"ENSG00000139597","N4BP2L1"
"ENSG00000139613","SMARCC2"
"ENSG00000139620","KANSL2"
"ENSG00000139624","CERS5"
"ENSG00000139631","CSAD"
"ENSG00000139636","LMBR1L"
"ENSG00000139637","MYG1"
"ENSG00000139641","ESYT1"
"ENSG00000139644","TMBIM6"
"ENSG00000139651","ZNF740"
"ENSG00000139679","LPAR6"
"ENSG00000139684","ESD"
"ENSG00000139687","RB1"
"ENSG00000139697","SBNO1"
"ENSG00000139719","VPS33A"
"ENSG00000139722","VPS37B"
"ENSG00000139746","RBM26"
"ENSG00000139793","MBNL2"
"ENSG00000139842","CUL4A"
"ENSG00000139921","TMX1"
"ENSG00000139990","DCAF5"
"ENSG00000140006","WDR89"
"ENSG00000140105","WARS1"
"ENSG00000140153","WDR20"
"ENSG00000140157","NIPA2"
"ENSG00000140199","SLC12A6"
"ENSG00000140259","MFAP1"
"ENSG00000140263","SORD"
"ENSG00000140265","ZSCAN29"
"ENSG00000140280","LYSMD2"
"ENSG00000140299","BNIP2"
"ENSG00000140319","SRP14"
"ENSG00000140320","BAHD1"
"ENSG00000140350","ANP32A"
"ENSG00000140367","UBE2Q2"
"ENSG00000140374","ETFA"
"ENSG00000140391","TSPAN3"
"ENSG00000140395","SKIC8"
"ENSG00000140396","NCOA2"
"ENSG00000140398","NEIL1"
"ENSG00000140400","MAN2C1"
"ENSG00000140455","USP3"
"ENSG00000140463","BBS4"
"ENSG00000140471","LINS1"
"ENSG00000140474","ULK3"
"ENSG00000140497","SCAMP2"
"ENSG00000140521","POLG"
"ENSG00000140526","ABHD2"
"ENSG00000140543","DET1"
"ENSG00000140553","UNC45A"
"ENSG00000140575","IQGAP1"
"ENSG00000140598","EFL1"
"ENSG00000140632","GLYR1"
"ENSG00000140688","RUSF1"
"ENSG00000140694","PARN"
"ENSG00000140718","FTO"
"ENSG00000140740","UQCRC2"
"ENSG00000140750","ARHGAP17"
"ENSG00000140829","DHX38"
"ENSG00000140830","TXNL4B"
"ENSG00000140931","CMTM3"
"ENSG00000140941","MAP1LC3B"
"ENSG00000140943","MBTPS1"
"ENSG00000140948","ZCCHC14"
"ENSG00000140990","NDUFB10"
"ENSG00000140992","PDPK1"
"ENSG00000141002","TCF25"
"ENSG00000141027","NCOR1"
"ENSG00000141034","GID4"
"ENSG00000141076","UTP4"
"ENSG00000141101","NOB1"
"ENSG00000141127","PRPSAP2"
"ENSG00000141179","PCTP"
"ENSG00000141219","MTNAP1"
"ENSG00000141232","TOB1"
"ENSG00000141252","VPS53"
"ENSG00000141279","NPEPPS"
"ENSG00000141295","SCRN2"
"ENSG00000141349","G6PC3"
"ENSG00000141367","CLTC"
"ENSG00000141376","BCAS3"
"ENSG00000141378","PTRH2"
"ENSG00000141380","SS18"
"ENSG00000141385","AFG3L2"
"ENSG00000141424","SLC39A6"
"ENSG00000141425","RPRD1A"
"ENSG00000141428","C18orf21"
"ENSG00000141429","GALNT1"
"ENSG00000141446","ESCO1"
"ENSG00000141452","RMC1"
"ENSG00000141456","PELP1"
"ENSG00000141458","NPC1"
"ENSG00000141480","ARRB2"
"ENSG00000141499","WRAP53"
"ENSG00000141503","MINK1"
"ENSG00000141522","ARHGDIA"
"ENSG00000141543","EIF4A3"
"ENSG00000141551","CSNK1D"
"ENSG00000141556","TBCD"
"ENSG00000141560","FN3KRP"
"ENSG00000141562","NARF"
"ENSG00000141568","FOXK2"
"ENSG00000141580","WDR45B"
"ENSG00000141642","ELAC1"
"ENSG00000141644","MBD1"
"ENSG00000141646","SMAD4"
"ENSG00000141698","NT5C3B"
"ENSG00000141699","RETREG3"
"ENSG00000141741","MIEN1"
"ENSG00000141753","IGFBP4"
"ENSG00000141867","BRD4"
"ENSG00000141873","SLC39A3"
"ENSG00000141959","PFKL"
"ENSG00000142002","DPP9"
"ENSG00000142166","IFNAR1"
"ENSG00000142168","SOD1"
"ENSG00000142186","SCYL1"
"ENSG00000142188","TMEM50B"
"ENSG00000142192","APP"
"ENSG00000142208","AKT1"
"ENSG00000142230","SAE1"
"ENSG00000142453","CARM1"
"ENSG00000142541","RPL13A"
"ENSG00000142655","PEX14"
"ENSG00000142657","PGD"
"ENSG00000142669","SH3BGRL3"
"ENSG00000142687","KIAA0319L"
"ENSG00000142751","GPN2"
"ENSG00000142784","WDTC1"
"ENSG00000142856","ITGB3BP"
"ENSG00000142864","SERBP1"
"ENSG00000142867","BCL10"
"ENSG00000142892","PIGK"
"ENSG00000143013","LMO4"
"ENSG00000143033","MTF2"
"ENSG00000143093","STRIP1"
"ENSG00000143106","PSMA5"
"ENSG00000143149","ALDH9A1"
"ENSG00000143153","ATP1B1"
"ENSG00000143155","TIPRL"
"ENSG00000143156","NME7"
"ENSG00000143157","POGK"
"ENSG00000143164","DCAF6"
"ENSG00000143179","UCK2"
"ENSG00000143183","TMCO1"
"ENSG00000143198","MGST3"
"ENSG00000143207","COP1"
"ENSG00000143224","PPOX"
"ENSG00000143248","RGS5"
"ENSG00000143256","PFDN2"
"ENSG00000143258","USP21"
"ENSG00000143294","PRCC"
"ENSG00000143303","METTL25B"
"ENSG00000143314","MRPL24"
"ENSG00000143319","ISG20L2"
"ENSG00000143321","HDGF"
"ENSG00000143324","XPR1"
"ENSG00000143337","TOR1AIP1"
"ENSG00000143344","RGL1"
"ENSG00000143353","LYPLAL1"
"ENSG00000143368","SF3B4"
"ENSG00000143369","ECM1"
"ENSG00000143374","TARS2"
"ENSG00000143376","SNX27"
"ENSG00000143379","SETDB1"
"ENSG00000143384","MCL1"
"ENSG00000143387","CTSK"
"ENSG00000143390","RFX5"
"ENSG00000143393","PI4KB"
"ENSG00000143398","PIP5K1A"
"ENSG00000143409","MINDY1"
"ENSG00000143418","CERS2"
"ENSG00000143420","ENSA"
"ENSG00000143436","MRPL9"
"ENSG00000143437","ARNT"
"ENSG00000143442","POGZ"
"ENSG00000143486","EIF2D"
"ENSG00000143493","INTS7"
"ENSG00000143499","SMYD2"
"ENSG00000143514","TP53BP2"
"ENSG00000143537","ADAM15"
"ENSG00000143543","JTB"
"ENSG00000143545","RAB13"
"ENSG00000143575","HAX1"
"ENSG00000143612","C1orf43"
"ENSG00000143621","ILF2"
"ENSG00000143624","INTS3"
"ENSG00000143633","C1orf131"
"ENSG00000143641","GALNT2"
"ENSG00000143643","TTC13"
"ENSG00000143653","SCCPDH"
"ENSG00000143740","SNAP47"
"ENSG00000143748","NVL"
"ENSG00000143751","SDE2"
"ENSG00000143753","DEGS1"
"ENSG00000143761","ARF1"
"ENSG00000143771","CNIH4"
"ENSG00000143774","GUK1"
"ENSG00000143799","PARP1"
"ENSG00000143801","PSEN2"
"ENSG00000143811","PYCR2"
"ENSG00000143815","LBR"
"ENSG00000143819","EPHX1"
"ENSG00000143862","ARL8A"
"ENSG00000143870","PDIA6"
"ENSG00000143889","HNRNPLL"
"ENSG00000143891","GALM"
"ENSG00000143919","CAMKMT"
"ENSG00000143951","WDPCP"
"ENSG00000143952","VPS54"
"ENSG00000143971","ETAA1"
"ENSG00000144021","CIAO1"
"ENSG00000144028","SNRNP200"
"ENSG00000144029","MRPS5"
"ENSG00000144036","EXOC6B"
"ENSG00000144043","TEX261"
"ENSG00000144048","DUSP11"
"ENSG00000144118","RALB"
"ENSG00000144136","SLC20A1"
"ENSG00000144161","ZC3H8"
"ENSG00000144182","LIPT1"
"ENSG00000144224","UBXN4"
"ENSG00000144231","POLR2D"
"ENSG00000144283","PKP4"
"ENSG00000144306","SCRN3"
"ENSG00000144320","LNPK"
"ENSG00000144357","UBR3"
"ENSG00000144401","METTL21A"
"ENSG00000144445","KANSL1L"
"ENSG00000144455","SUMF1"
"ENSG00000144468","RHBDD1"
"ENSG00000144524","COPS7B"
"ENSG00000144535","DIS3L2"
"ENSG00000144559","TAMM41"
"ENSG00000144560","VGLL4"
"ENSG00000144566","RAB5A"
"ENSG00000144567","RETREG2"
"ENSG00000144579","CTDSP1"
"ENSG00000144591","GMPPA"
"ENSG00000144635","DYNC1LI1"
"ENSG00000144659","SLC25A38"
"ENSG00000144674","GOLGA4"
"ENSG00000144736","SHQ1"
"ENSG00000144741","SLC25A26"
"ENSG00000144744","UBA3"
"ENSG00000144746","ARL6IP5"
"ENSG00000144747","TMF1"
"ENSG00000144815","NXPE3"
"ENSG00000144827","ABHD10"
"ENSG00000144840","RABL3"
"ENSG00000144848","ATG3"
"ENSG00000144867","SRPRB"
"ENSG00000144895","EIF2A"
"ENSG00000144909","OSBPL11"
"ENSG00000145016","RUBCN"
"ENSG00000145020","AMT"
"ENSG00000145022","TCTA"
"ENSG00000145029","NICN1"
"ENSG00000145050","MANF"
"ENSG00000145191","EIF2B5"
"ENSG00000145220","LYAR"
"ENSG00000145241","CENPC"
"ENSG00000145246","ATP10D"
"ENSG00000145247","OCIAD2"
"ENSG00000145293","ENOPH1"
"ENSG00000145348","TBCK"
"ENSG00000145388","METTL14"
"ENSG00000145390","USP53"
"ENSG00000145391","SETD7"
"ENSG00000145439","CBR4"
"ENSG00000145476","CYP4V2"
"ENSG00000145494","NDUFS6"
"ENSG00000145495","MARCHF6"
"ENSG00000145632","PLK2"
"ENSG00000145675","PIK3R1"
"ENSG00000145687","SSBP2"
"ENSG00000145715","RASA1"
"ENSG00000145723","GIN1"
"ENSG00000145725","PPIP5K2"
"ENSG00000145730","PAM"
"ENSG00000145740","SLC30A5"
"ENSG00000145743","FBXL17"
"ENSG00000145781","COMMD10"
"ENSG00000145817","YIPF5"
"ENSG00000145819","ARHGAP26"
"ENSG00000145833","DDX46"
"ENSG00000145860","RNF145"
"ENSG00000145868","FBXO38"
"ENSG00000145901","TNIP1"
"ENSG00000145907","G3BP1"
"ENSG00000145912","NHP2"
"ENSG00000145916","RMND5B"
"ENSG00000145919","BOD1"
"ENSG00000145979","TBC1D7"
"ENSG00000145982","FARS2"
"ENSG00000145996","CDKAL1"
"ENSG00000146063","TRIM41"
"ENSG00000146067","FAM193B"
"ENSG00000146085","MMUT"
"ENSG00000146223","RPL7L1"
"ENSG00000146232","NFKBIE"
"ENSG00000146281","PM20D2"
"ENSG00000146282","RARS2"
"ENSG00000146409","SLC18B1"
"ENSG00000146414","SHPRH"
"ENSG00000146416","AIG1"
"ENSG00000146425","DYNLT1"
"ENSG00000146433","TMEM181"
"ENSG00000146457","WTAP"
"ENSG00000146463","ZMYM4"
"ENSG00000146476","ARMT1"
"ENSG00000146576","INTS15"
"ENSG00000146701","MDH2"
"ENSG00000146729","NIPSNAP2"
"ENSG00000146731","CCT6A"
"ENSG00000146733","PSPH"
"ENSG00000146802","TMEM168"
"ENSG00000146826","TRAPPC14"
"ENSG00000146833","TRIM4"
"ENSG00000146834","MEPCE"
"ENSG00000146872","TLK2"
"ENSG00000146918","NCAPG2"
"ENSG00000146963","LUC7L2"
"ENSG00000147010","SH3KBP1"
"ENSG00000147044","CASK"
"ENSG00000147050","KDM6A"
"ENSG00000147065","MSN"
"ENSG00000147099","HDAC8"
"ENSG00000147121","KRBOX4"
"ENSG00000147123","NDUFB11"
"ENSG00000147130","ZMYM3"
"ENSG00000147133","TAF1"
"ENSG00000147155","EBP"
"ENSG00000147162","OGT"
"ENSG00000147164","SNX12"
"ENSG00000147224","PRPS1"
"ENSG00000147274","RBMX"
"ENSG00000147316","MCPH1"
"ENSG00000147364","FBXO25"
"ENSG00000147383","NSDHL"
"ENSG00000147416","ATP6V1B2"
"ENSG00000147439","BIN3"
"ENSG00000147457","CHMP7"
"ENSG00000147471","PLPBP"
"ENSG00000147475","ERLIN2"
"ENSG00000147526","TACC1"
"ENSG00000147533","GOLGA7"
"ENSG00000147535","PLPP5"
"ENSG00000147548","NSD3"
"ENSG00000147601","TERF1"
"ENSG00000147649","MTDH"
"ENSG00000147654","EBAG9"
"ENSG00000147677","EIF3H"
"ENSG00000147687","TATDN1"
"ENSG00000147789","ZNF7"
"ENSG00000147853","AK3"
"ENSG00000147854","UHRF2"
"ENSG00000147894","C9orf72"
"ENSG00000147905","ZCCHC7"
"ENSG00000147912","FBXO10"
"ENSG00000147955","SIGMAR1"
"ENSG00000148019","CEP78"
"ENSG00000148090","AUH"
"ENSG00000148110","MFSD14B"
"ENSG00000148120","AOPEP"
"ENSG00000148154","UGCG"
"ENSG00000148175","STOM"
"ENSG00000148180","GSN"
"ENSG00000148187","MRRF"
"ENSG00000148218","ALAD"
"ENSG00000148248","SURF4"
"ENSG00000148290","SURF1"
"ENSG00000148291","SURF2"
"ENSG00000148300","REXO4"
"ENSG00000148303","RPL7A"
"ENSG00000148308","GTF3C5"
"ENSG00000148335","NTMT1"
"ENSG00000148337","CIZ1"
"ENSG00000148341","SH3GLB2"
"ENSG00000148358","GPR107"
"ENSG00000148396","SEC16A"
"ENSG00000148459","PDSS1"
"ENSG00000148481","MINDY3"
"ENSG00000148484","RSU1"
"ENSG00000148606","POLR3A"
"ENSG00000148634","HERC4"
"ENSG00000148660","CAMK2G"
"ENSG00000148688","RPP30"
"ENSG00000148690","FRA10AC1"
"ENSG00000148700","ADD3"
"ENSG00000148719","DNAJB12"
"ENSG00000148834","GSTO1"
"ENSG00000148840","PPRC1"
"ENSG00000148843","PDCD11"
"ENSG00000148925","BTBD10"
"ENSG00000148985","PGAP2"
"ENSG00000149084","HSD17B12"
"ENSG00000149089","APIP"
"ENSG00000149091","DGKZ"
"ENSG00000149100","EIF3M"
"ENSG00000149136","SSRP1"
"ENSG00000149179","CSTPP1"
"ENSG00000149182","ARFGAP2"
"ENSG00000149187","CELF1"
"ENSG00000149196","HIKESHI"
"ENSG00000149218","ENDOD1"
"ENSG00000149231","CCDC82"
"ENSG00000149262","INTS4"
"ENSG00000149269","PAK1"
"ENSG00000149292","TTC12"
"ENSG00000149308","NPAT"
"ENSG00000149313","AASDHPPT"
"ENSG00000149357","LAMTOR1"
"ENSG00000149428","HYOU1"
"ENSG00000149474","KAT14"
"ENSG00000149480","MTA2"
"ENSG00000149483","TMEM138"
"ENSG00000149485","FADS1"
"ENSG00000149499","EML3"
"ENSG00000149532","CPSF7"
"ENSG00000149541","B3GAT3"
"ENSG00000149547","EI24"
"ENSG00000149577","SIDT2"
"ENSG00000149591","TAGLN"
"ENSG00000149600","COMMD7"
"ENSG00000149636","DSN1"
"ENSG00000149657","LSM14B"
"ENSG00000149658","YTHDF1"
"ENSG00000149716","LTO1"
"ENSG00000149743","TRPT1"
"ENSG00000149761","NUDT22"
"ENSG00000149792","MRPL49"
"ENSG00000149806","FAU"
"ENSG00000149809","TM7SF2"
"ENSG00000149823","VPS51"
"ENSG00000149923","PPP4C"
"ENSG00000149929","HIRIP3"
"ENSG00000149930","TAOK2"
"ENSG00000149932","TMEM219"
"ENSG00000150093","ITGB1"
"ENSG00000150316","CWC15"
"ENSG00000150403","TMCO3"
"ENSG00000150433","TMEM218"
"ENSG00000150459","SAP18"
"ENSG00000150593","PDCD4"
"ENSG00000150753","CCT5"
"ENSG00000150768","DLAT"
"ENSG00000150776","NKAPD1"
"ENSG00000150787","PTS"
"ENSG00000150867","PIP4K2A"
"ENSG00000150938","CRIM1"
"ENSG00000150977","RILPL2"
"ENSG00000151065","DCP1B"
"ENSG00000151092","NGLY1"
"ENSG00000151093","OXSM"
"ENSG00000151131","NOPCHAP1"
"ENSG00000151148","UBE3B"
"ENSG00000151239","TWF1"
"ENSG00000151287","TEX30"
"ENSG00000151292","CSNK1G3"
"ENSG00000151304","SRFBP1"
"ENSG00000151332","MBIP"
"ENSG00000151348","EXT2"
"ENSG00000151353","TMEM18"
"ENSG00000151366","NDUFC2"
"ENSG00000151414","NEK7"
"ENSG00000151445","VIPAS39"
"ENSG00000151461","UPF2"
"ENSG00000151465","CDC123"
"ENSG00000151466","SCLT1"
"ENSG00000151491","EPS8"
"ENSG00000151498","ACAD8"
"ENSG00000151500","THYN1"
"ENSG00000151502","VPS26B"
"ENSG00000151503","NCAPD3"
"ENSG00000151532","VTI1A"
"ENSG00000151552","QDPR"
"ENSG00000151576","QTRT2"
"ENSG00000151611","MMAA"
"ENSG00000151657","KIN"
"ENSG00000151665","PIGF"
"ENSG00000151689","INPP1"
"ENSG00000151690","MFSD6"
"ENSG00000151694","ADAM17"
"ENSG00000151726","ACSL1"
"ENSG00000151729","SLC25A4"
"ENSG00000151748","SAV1"
"ENSG00000151779","NBAS"
"ENSG00000151806","GUF1"
"ENSG00000151876","FBXO4"
"ENSG00000151881","TMEM267"
"ENSG00000151883","PARP8"
"ENSG00000151893","CACUL1"
"ENSG00000151914","DST"
"ENSG00000151923","TIAL1"
"ENSG00000151929","BAG3"
"ENSG00000152061","RABGAP1L"
"ENSG00000152133","GPATCH11"
"ENSG00000152147","GEMIN6"
"ENSG00000152193","OBI1"
"ENSG00000152234","ATP5F1A"
"ENSG00000152242","ARK2N"
"ENSG00000152291","TGOLN2"
"ENSG00000152348","ATG10"
"ENSG00000152359","POC5"
"ENSG00000152382","TADA1"
"ENSG00000152404","CWF19L2"
"ENSG00000152422","XRCC4"
"ENSG00000152492","CCDC50"
"ENSG00000152520","PAN3"
"ENSG00000152556","PFKM"
"ENSG00000152558","TMEM123"
"ENSG00000152583","SPARCL1"
"ENSG00000152620","NADK2"
"ENSG00000152642","GPD1L"
"ENSG00000152683","SLC30A6"
"ENSG00000152689","RASGRP3"
"ENSG00000152700","SAR1B"
"ENSG00000152749","GPR180"
"ENSG00000152778","IFIT5"
"ENSG00000152795","HNRNPDL"
"ENSG00000152904","GGPS1"
"ENSG00000152942","RAD17"
"ENSG00000152944","MED21"
"ENSG00000153015","CWC27"
"ENSG00000153029","MR1"
"ENSG00000153037","SRP19"
"ENSG00000153046","CDYL"
"ENSG00000153066","TXNDC11"
"ENSG00000153107","ANAPC1"
"ENSG00000153147","SMARCA5"
"ENSG00000153187","HNRNPU"
"ENSG00000153201","RANBP2"
"ENSG00000153207","AHCTF1"
"ENSG00000153310","CYRIB"
"ENSG00000153317","ASAP1"
"ENSG00000153339","TRAPPC8"
"ENSG00000153485","LYSET"
"ENSG00000153560","UBP1"
"ENSG00000153561","RMND5A"
"ENSG00000153574","RPIA"
"ENSG00000153774","CFDP1"
"ENSG00000153786","ZDHHC7"
"ENSG00000153815","CMIP"
"ENSG00000153827","TRIP12"
"ENSG00000153879","CEBPG"
"ENSG00000153914","SREK1"
"ENSG00000153922","CHD1"
"ENSG00000153936","HS2ST1"
"ENSG00000153944","MSI2"
"ENSG00000153975","ZUP1"
"ENSG00000153989","NUS1"
"ENSG00000154001","PPP2R5E"
"ENSG00000154059","IMPACT"
"ENSG00000154079","SDHAF4"
"ENSG00000154122","ANKH"
"ENSG00000154124","OTULIN"
"ENSG00000154144","TBRG1"
"ENSG00000154153","RETREG1"
"ENSG00000154174","TOMM70"
"ENSG00000154217","PITPNC1"
"ENSG00000154222","CC2D1B"
"ENSG00000154229","PRKCA"
"ENSG00000154305","MIA3"
"ENSG00000154473","BUB3"
"ENSG00000154511","DIPK1A"
"ENSG00000154582","ELOC"
"ENSG00000154640","BTG3"
"ENSG00000154719","MRPL39"
"ENSG00000154723","ATP5PF"
"ENSG00000154727","GABPA"
"ENSG00000154743","TSEN2"
"ENSG00000154767","XPC"
"ENSG00000154781","CCDC174"
"ENSG00000154803","FLCN"
"ENSG00000154813","DPH3"
"ENSG00000154814","OXNAD1"
"ENSG00000154832","CXXC1"
"ENSG00000154845","PPP4R1"
"ENSG00000154889","MPPE1"
"ENSG00000154945","ANKRD40"
"ENSG00000154957","ZNF18"
"ENSG00000155008","APOOL"
"ENSG00000155016","CYP2U1"
"ENSG00000155096","AZIN1"
"ENSG00000155097","ATP6V1C1"
"ENSG00000155189","AGPAT5"
"ENSG00000155229","MMS19"
"ENSG00000155252","PI4K2A"
"ENSG00000155256","ZFYVE27"
"ENSG00000155313","USP25"
"ENSG00000155324","GRAMD2B"
"ENSG00000155329","ZCCHC10"
"ENSG00000155330","C16orf87"
"ENSG00000155366","RHOC"
"ENSG00000155393","HEATR3"
"ENSG00000155438","NIFK"
"ENSG00000155463","OXA1L"
"ENSG00000155506","LARP1"
"ENSG00000155508","CNOT8"
"ENSG00000155542","SETD9"
"ENSG00000155561","NUP205"
"ENSG00000155621","C9orf85"
"ENSG00000155636","RBM45"
"ENSG00000155660","PDIA4"
"ENSG00000155666","KDM8"
"ENSG00000155729","KCTD18"
"ENSG00000155744","HYCC2"
"ENSG00000155827","RNF20"
"ENSG00000155868","MED7"
"ENSG00000155876","RRAGA"
"ENSG00000155903","RASA2"
"ENSG00000155906","RMND1"
"ENSG00000155957","TMBIM4"
"ENSG00000155962","CLIC2"
"ENSG00000156017","CARNMT1"
"ENSG00000156110","ADK"
"ENSG00000156162","DPY19L4"
"ENSG00000156170","NDUFAF6"
"ENSG00000156232","WHAMM"
"ENSG00000156253","RWDD2B"
"ENSG00000156256","USP16"
"ENSG00000156261","CCT8"
"ENSG00000156304","SCAF4"
"ENSG00000156374","PCGF6"
"ENSG00000156398","SFXN2"
"ENSG00000156467","UQCRB"
"ENSG00000156469","MTERF3"
"ENSG00000156471","PTDSS1"
"ENSG00000156502","SUPV3L1"
"ENSG00000156504","PABIR2"
"ENSG00000156515","HK1"
"ENSG00000156531","PHF6"
"ENSG00000156599","ZDHHC5"
"ENSG00000156603","MED19"
"ENSG00000156642","NPTN"
"ENSG00000156650","KAT6B"
"ENSG00000156697","UTP14A"
"ENSG00000156709","AIFM1"
"ENSG00000156735","BAG4"
"ENSG00000156795","NTAQ1"
"ENSG00000156804","FBXO32"
"ENSG00000156831","NSMCE2"
"ENSG00000156858","PRR14"
"ENSG00000156873","PHKG2"
"ENSG00000156875","MFSD14A"
"ENSG00000156928","MALSU1"
"ENSG00000156931","VPS8"
"ENSG00000156958","GALK2"
"ENSG00000156973","PDE6D"
"ENSG00000156976","EIF4A2"
"ENSG00000156983","BRPF1"
"ENSG00000156990","RPUSD3"
"ENSG00000157014","TATDN2"
"ENSG00000157020","SEC13"
"ENSG00000157036","EXOG"
"ENSG00000157045","NTAN1"
"ENSG00000157106","SMG1"
"ENSG00000157107","FCHO2"
"ENSG00000157181","ODR4"
"ENSG00000157184","CPT2"
"ENSG00000157191","NECAP2"
"ENSG00000157216","SSBP3"
"ENSG00000157259","GATAD1"
"ENSG00000157426","AASDH"
"ENSG00000157483","MYO1E"
"ENSG00000157500","APPL1"
"ENSG00000157514","TSC22D3"
"ENSG00000157538","VPS26C"
"ENSG00000157540","DYRK1A"
"ENSG00000157557","ETS2"
"ENSG00000157601","MX1"
"ENSG00000157764","BRAF"
"ENSG00000157800","SLC37A3"
"ENSG00000157823","AP3S2"
"ENSG00000157837","SPPL3"
"ENSG00000157869","RAB28"
"ENSG00000157881","PANK4"
"ENSG00000157916","RER1"
"ENSG00000157933","SKI"
"ENSG00000157954","WIPI2"
"ENSG00000158006","PAFAH2"
"ENSG00000158019","BABAM2"
"ENSG00000158042","MRPL17"
"ENSG00000158109","TPRG1L"
"ENSG00000158161","EYA3"
"ENSG00000158169","FANCC"
"ENSG00000158195","WASF2"
"ENSG00000158290","CUL4B"
"ENSG00000158411","MITD1"
"ENSG00000158417","EIF5B"
"ENSG00000158435","CNOT11"
"ENSG00000158467","AHCYL2"
"ENSG00000158470","B4GALT5"
"ENSG00000158526","TSR2"
"ENSG00000158545","ZC3H18"
"ENSG00000158552","ZFAND2B"
"ENSG00000158615","PPP1R15B"
"ENSG00000158623","COPG2"
"ENSG00000158636","EMSY"
"ENSG00000158669","GPAT4"
"ENSG00000158769","F11R"
"ENSG00000158773","USF1"
"ENSG00000158793","NIT1"
"ENSG00000158796","DEDD"
"ENSG00000158805","ZNF276"
"ENSG00000158828","PINK1"
"ENSG00000158850","B4GALT3"
"ENSG00000158864","NDUFS2"
"ENSG00000158882","TOMM40L"
"ENSG00000158941","CCAR2"
"ENSG00000158985","CDC42SE2"
"ENSG00000159055","MIS18A"
"ENSG00000159063","ALG8"
"ENSG00000159079","CFAP298"
"ENSG00000159086","PAXBP1"
"ENSG00000159110","IFNAR2"
"ENSG00000159111","MRPL10"
"ENSG00000159128","IFNGR2"
"ENSG00000159131","GART"
"ENSG00000159140","SON"
"ENSG00000159147","DONSON"
"ENSG00000159176","CSRP1"
"ENSG00000159199","ATP5MC1"
"ENSG00000159200","RCAN1"
"ENSG00000159202","UBE2Z"
"ENSG00000159210","SNF8"
"ENSG00000159256","MORC3"
"ENSG00000159322","ADPGK"
"ENSG00000159346","ADIPOR1"
"ENSG00000159352","PSMD4"
"ENSG00000159377","PSMB4"
"ENSG00000159445","THEM4"
"ENSG00000159459","UBR1"
"ENSG00000159461","AMFR"
"ENSG00000159579","RSPRY1"
"ENSG00000159592","GPBP1L1"
"ENSG00000159593","NAE1"
"ENSG00000159596","TMEM69"
"ENSG00000159658","EFCAB14"
"ENSG00000159692","CTBP1"
"ENSG00000159720","ATP6V0D1"
"ENSG00000159840","ZYX"
"ENSG00000159842","ABR"
"ENSG00000159873","CCDC117"
"ENSG00000159917","ZNF235"
"ENSG00000159921","GNE"
"ENSG00000160007","ARHGAP35"
"ENSG00000160014","CALM3"
"ENSG00000160049","DFFA"
"ENSG00000160058","BSDC1"
"ENSG00000160087","UBE2J2"
"ENSG00000160194","NDUFV3"
"ENSG00000160199","PKNOX1"
"ENSG00000160208","RRP1B"
"ENSG00000160213","CSTB"
"ENSG00000160214","RRP1"
"ENSG00000160218","TRAPPC10"
"ENSG00000160271","RALGDS"
"ENSG00000160294","MCM3AP"
"ENSG00000160310","PRMT2"
"ENSG00000160408","ST6GALNAC6"
"ENSG00000160445","ZER1"
"ENSG00000160551","TAOK1"
"ENSG00000160563","MED27"
"ENSG00000160584","SIK3"
"ENSG00000160613","PCSK7"
"ENSG00000160633","SAFB"
"ENSG00000160688","FLAD1"
"ENSG00000160691","SHC1"
"ENSG00000160695","VPS11"
"ENSG00000160710","ADAR"
"ENSG00000160714","UBE2Q1"
"ENSG00000160741","CRTC2"
"ENSG00000160746","ANO10"
"ENSG00000160752","FDPS"
"ENSG00000160783","PMF1"
"ENSG00000160785","SLC25A44"
"ENSG00000160799","CCDC12"
"ENSG00000160803","UBQLN4"
"ENSG00000160818","GPATCH4"
"ENSG00000160908","ZNF394"
"ENSG00000160917","CPSF4"
"ENSG00000161010","MRNIP"
"ENSG00000161011","SQSTM1"
"ENSG00000161013","MGAT4B"
"ENSG00000161048","NAPEPLD"
"ENSG00000161057","PSMC2"
"ENSG00000161202","DVL3"
"ENSG00000161203","AP2M1"
"ENSG00000161204","ABCF3"
"ENSG00000161217","PCYT1A"
"ENSG00000161265","U2AF1L4"
"ENSG00000161267","BDH1"
"ENSG00000161395","PGAP3"
"ENSG00000161526","SAP30BP"
"ENSG00000161533","ACOX1"
"ENSG00000161542","PRPSAP1"
"ENSG00000161547","SRSF2"
"ENSG00000161654","LSM12"
"ENSG00000161813","LARP4"
"ENSG00000161904","LEMD2"
"ENSG00000161920","MED11"
"ENSG00000161956","SENP3"
"ENSG00000161960","EIF4A1"
"ENSG00000162032","SPSB3"
"ENSG00000162086","ZNF75A"
"ENSG00000162129","CLPB"
"ENSG00000162144","CYB561A3"
"ENSG00000162191","UBXN1"
"ENSG00000162231","NXF1"
"ENSG00000162236","STX5"
"ENSG00000162298","SYVN1"
"ENSG00000162300","ZFPL1"
"ENSG00000162368","CMPK1"
"ENSG00000162384","CZIB"
"ENSG00000162402","USP24"
"ENSG00000162419","GMEB1"
"ENSG00000162434","JAK1"
"ENSG00000162441","LZIC"
"ENSG00000162496","DHRS3"
"ENSG00000162512","SDC3"
"ENSG00000162517","PEF1"
"ENSG00000162607","USP1"
"ENSG00000162613","FUBP1"
"ENSG00000162616","DNAJB4"
"ENSG00000162623","TYW3"
"ENSG00000162642","C1orf52"
"ENSG00000162664","ZNF326"
"ENSG00000162688","AGL"
"ENSG00000162702","ZNF281"
"ENSG00000162704","ARPC5"
"ENSG00000162734","PEA15"
"ENSG00000162735","PEX19"
"ENSG00000162736","NCSTN"
"ENSG00000162775","RBM15"
"ENSG00000162819","BROX"
"ENSG00000162836","ACP6"
"ENSG00000162869","PPP1R21"
"ENSG00000162889","MAPKAPK2"
"ENSG00000162909","CAPN2"
"ENSG00000162910","MRPL55"
"ENSG00000162923","WDR26"
"ENSG00000162927","PUS10"
"ENSG00000162928","PEX13"
"ENSG00000162959","MEMO1"
"ENSG00000162961","DPY30"
"ENSG00000162971","TYW5"
"ENSG00000162976","SLC66A3"
"ENSG00000162980","ARL5A"
"ENSG00000163001","CFAP36"
"ENSG00000163029","SMC6"
"ENSG00000163050","COQ8A"
"ENSG00000163104","SMARCAD1"
"ENSG00000163110","PDLIM5"
"ENSG00000163125","RPRD2"
"ENSG00000163131","CTSS"
"ENSG00000163155","LYSMD1"
"ENSG00000163159","VPS72"
"ENSG00000163161","ERCC3"
"ENSG00000163162","RNF149"
"ENSG00000163166","IWS1"
"ENSG00000163171","CDC42EP3"
"ENSG00000163281","GNPDA2"
"ENSG00000163312","HELQ"
"ENSG00000163320","CGGBP1"
"ENSG00000163346","PBXIP1"
"ENSG00000163348","PYGO2"
"ENSG00000163382","NAXE"
"ENSG00000163389","POGLUT1"
"ENSG00000163399","ATP1A1"
"ENSG00000163412","EIF4E3"
"ENSG00000163444","TMEM183A"
"ENSG00000163463","KRTCAP2"
"ENSG00000163466","ARPC2"
"ENSG00000163468","CCT3"
"ENSG00000163479","SSR2"
"ENSG00000163481","RNF25"
"ENSG00000163510","CWC22"
"ENSG00000163512","AZI2"
"ENSG00000163516","ANKZF1"
"ENSG00000163539","CLASP2"
"ENSG00000163541","SUCLG1"
"ENSG00000163558","PRKCI"
"ENSG00000163565","IFI16"
"ENSG00000163584","RPL22L1"
"ENSG00000163607","GTPBP8"
"ENSG00000163608","NEPRO"
"ENSG00000163611","SPICE1"
"ENSG00000163626","COX18"
"ENSG00000163634","THOC7"
"ENSG00000163636","PSMD6"
"ENSG00000163655","GMPS"
"ENSG00000163660","CCNL1"
"ENSG00000163681","SLMAP"
"ENSG00000163683","SMIM14"
"ENSG00000163684","RPP14"
"ENSG00000163697","APBB2"
"ENSG00000163703","CRELD1"
"ENSG00000163714","U2SURP"
"ENSG00000163719","MTMR14"
"ENSG00000163728","TTC14"
"ENSG00000163743","RCHY1"
"ENSG00000163781","TOPBP1"
"ENSG00000163785","RYK"
"ENSG00000163795","ZNF513"
"ENSG00000163798","SLC4A1AP"
"ENSG00000163807","KIAA1143"
"ENSG00000163811","WDR43"
"ENSG00000163812","ZDHHC3"
"ENSG00000163818","LZTFL1"
"ENSG00000163832","ELP6"
"ENSG00000163848","ZNF148"
"ENSG00000163866","SMIM12"
"ENSG00000163867","ZMYM6"
"ENSG00000163870","TPRA1"
"ENSG00000163872","YEATS2"
"ENSG00000163875","MEAF6"
"ENSG00000163882","POLR2H"
"ENSG00000163900","TMEM41A"
"ENSG00000163902","RPN1"
"ENSG00000163904","SENP2"
"ENSG00000163918","RFC4"
"ENSG00000163930","BAP1"
"ENSG00000163931","TKT"
"ENSG00000163933","RFT1"
"ENSG00000163938","GNL3"
"ENSG00000163939","PBRM1"
"ENSG00000163946","TASOR"
"ENSG00000163947","ARHGEF3"
"ENSG00000163950","SLBP"
"ENSG00000163956","LRPAP1"
"ENSG00000163960","UBXN7"
"ENSG00000163961","RNF168"
"ENSG00000163964","PIGX"
"ENSG00000164008","C1orf50"
"ENSG00000164011","ZNF691"
"ENSG00000164022","AIMP1"
"ENSG00000164024","METAP1"
"ENSG00000164031","DNAJB14"
"ENSG00000164039","BDH2"
"ENSG00000164053","ATRIP"
"ENSG00000164062","APEH"
"ENSG00000164081","TEX264"
"ENSG00000164086","DUSP7"
"ENSG00000164091","WDR82"
"ENSG00000164105","SAP30"
"ENSG00000164111","ANXA5"
"ENSG00000164117","FBXO8"
"ENSG00000164118","CEP44"
"ENSG00000164134","NAA15"
"ENSG00000164144","ARFIP1"
"ENSG00000164162","ANAPC10"
"ENSG00000164163","ABCE1"
"ENSG00000164164","OTUD4"
"ENSG00000164167","LSM6"
"ENSG00000164168","TMEM184C"
"ENSG00000164169","PRMT9"
"ENSG00000164172","MOCS2"
"ENSG00000164180","TMEM161B"
"ENSG00000164182","NDUFAF2"
"ENSG00000164187","LMBRD2"
"ENSG00000164209","SLC25A46"
"ENSG00000164237","CMBL"
"ENSG00000164252","AGGF1"
"ENSG00000164253","WDR41"
"ENSG00000164284","GRPEL2"
"ENSG00000164305","CASP3"
"ENSG00000164306","PRIMPOL"
"ENSG00000164307","ERAP1"
"ENSG00000164323","CFAP97"
"ENSG00000164329","TENT2"
"ENSG00000164338","UTP15"
"ENSG00000164346","NSA2"
"ENSG00000164347","GFM2"
"ENSG00000164402","SEPTIN8"
"ENSG00000164405","UQCRQ"
"ENSG00000164414","SLC35A1"
"ENSG00000164466","SFXN1"
"ENSG00000164506","STXBP5"
"ENSG00000164535","DAGLB"
"ENSG00000164543","STK17A"
"ENSG00000164548","TRA2A"
"ENSG00000164576","SAP30L"
"ENSG00000164587","RPS14"
"ENSG00000164597","COG5"
"ENSG00000164609","SLU7"
"ENSG00000164610","RP9"
"ENSG00000164615","CAMLG"
"ENSG00000164654","MIOS"
"ENSG00000164713","BRI3"
"ENSG00000164715","LMTK2"
"ENSG00000164733","CTSB"
"ENSG00000164751","PEX2"
"ENSG00000164754","RAD21"
"ENSG00000164758","MED30"
"ENSG00000164808","SPIDR"
"ENSG00000164815","ORC5"
"ENSG00000164818","DNAAF5"
"ENSG00000164823","OSGIN2"
"ENSG00000164828","SUN1"
"ENSG00000164830","OXR1"
"ENSG00000164885","CDK5"
"ENSG00000164889","SLC4A2"
"ENSG00000164896","FASTK"
"ENSG00000164902","PHAX"
"ENSG00000164933","SLC25A32"
"ENSG00000164934","DCAF13"
"ENSG00000164941","INTS8"
"ENSG00000164944","VIRMA"
"ENSG00000164961","WASHC5"
"ENSG00000164970","FAM219A"
"ENSG00000164975","SNAPC3"
"ENSG00000164983","TMEM65"
"ENSG00000164985","PSIP1"
"ENSG00000165006","UBAP1"
"ENSG00000165030","NFIL3"
"ENSG00000165060","FXN"
"ENSG00000165097","KDM1B"
"ENSG00000165102","HGSNAT"
"ENSG00000165118","QNG1"
"ENSG00000165119","HNRNPK"
"ENSG00000165156","ZHX1"
"ENSG00000165195","PIGA"
"ENSG00000165209","STRBP"
"ENSG00000165219","GAPVD1"
"ENSG00000165264","NDUFB6"
"ENSG00000165275","TRMT10B"
"ENSG00000165280","VCP"
"ENSG00000165282","PIGO"
"ENSG00000165283","STOML2"
"ENSG00000165322","ARHGAP12"
"ENSG00000165355","FBXO33"
"ENSG00000165359","INTS6L"
"ENSG00000165406","MARCHF8"
"ENSG00000165416","SUGT1"
"ENSG00000165417","GTF2A1"
"ENSG00000165458","INPPL1"
"ENSG00000165475","CRYL1"
"ENSG00000165476","REEP3"
"ENSG00000165494","PCF11"
"ENSG00000165506","DNAAF2"
"ENSG00000165512","ZNF22"
"ENSG00000165516","KLHDC2"
"ENSG00000165525","NEMF"
"ENSG00000165526","RPUSD4"
"ENSG00000165527","ARF6"
"ENSG00000165609","NUDT5"
"ENSG00000165630","PRPF18"
"ENSG00000165632","TAF3"
"ENSG00000165637","VDAC2"
"ENSG00000165650","PDZD8"
"ENSG00000165660","ABRAXAS2"
"ENSG00000165661","QSOX2"
"ENSG00000165669","FAM204A"
"ENSG00000165671","NSD1"
"ENSG00000165688","PMPCA"
"ENSG00000165689","ENTR1"
"ENSG00000165699","TSC1"
"ENSG00000165704","HPRT1"
"ENSG00000165782","PIP4P1"
"ENSG00000165792","METTL17"
"ENSG00000165795","NDRG2"
"ENSG00000165802","NSMF"
"ENSG00000165832","TRUB1"
"ENSG00000165861","ZFYVE1"
"ENSG00000165898","ISCA2"
"ENSG00000165916","PSMC3"
"ENSG00000165934","CPSF2"
"ENSG00000166004","CEP295"
"ENSG00000166012","TAF1D"
"ENSG00000166024","R3HCC1L"
"ENSG00000166037","CEP57"
"ENSG00000166086","JAM3"
"ENSG00000166128","RAB8B"
"ENSG00000166133","RPUSD2"
"ENSG00000166135","HIF1AN"
"ENSG00000166136","NDUFB8"
"ENSG00000166140","ZFYVE19"
"ENSG00000166164","BRD7"
"ENSG00000166167","BTRC"
"ENSG00000166169","POLL"
"ENSG00000166170","BAG5"
"ENSG00000166171","DPCD"
"ENSG00000166181","API5"
"ENSG00000166197","NOLC1"
"ENSG00000166199","ALKBH3"
"ENSG00000166200","COPS2"
"ENSG00000166224","SGPL1"
"ENSG00000166226","CCT2"
"ENSG00000166228","PCBD1"
"ENSG00000166233","ARIH1"
"ENSG00000166260","COX11"
"ENSG00000166261","ZNF202"
"ENSG00000166266","CUL5"
"ENSG00000166275","BORCS7"
"ENSG00000166311","SMPD1"
"ENSG00000166313","APBB1"
"ENSG00000166326","TRIM44"
"ENSG00000166333","ILK"
"ENSG00000166337","TAF10"
"ENSG00000166340","TPP1"
"ENSG00000166347","CYB5A"
"ENSG00000166377","ATP9B"
"ENSG00000166452","AKIP1"
"ENSG00000166454","ATMIN"
"ENSG00000166471","TMEM41B"
"ENSG00000166477","LEO1"
"ENSG00000166478","ZNF143"
"ENSG00000166503","HDGFL3"
"ENSG00000166507","NDST2"
"ENSG00000166508","MCM7"
"ENSG00000166526","ZNF3"
"ENSG00000166548","TK2"
"ENSG00000166557","TMED3"
"ENSG00000166562","SEC11C"
"ENSG00000166575","TMEM135"
"ENSG00000166579","NDEL1"
"ENSG00000166582","CENPV"
"ENSG00000166595","CIAO2B"
"ENSG00000166598","HSP90B1"
"ENSG00000166619","BLCAP"
"ENSG00000166681","BEX3"
"ENSG00000166685","COG1"
"ENSG00000166704","ZNF606"
"ENSG00000166710","B2M"
"ENSG00000166716","ZNF592"
"ENSG00000166734","GOLM2"
"ENSG00000166747","AP1G1"
"ENSG00000166783","MARF1"
"ENSG00000166788","SAAL1"
"ENSG00000166797","CIAO2A"
"ENSG00000166847","DCTN5"
"ENSG00000166848","TERF2IP"
"ENSG00000166855","CLPX"
"ENSG00000166886","NAB2"
"ENSG00000166887","VPS39"
"ENSG00000166900","STX3"
"ENSG00000166902","MRPL16"
"ENSG00000166912","MTMR10"
"ENSG00000166913","YWHAB"
"ENSG00000166938","DIS3L"
"ENSG00000166946","CCNDBP1"
"ENSG00000166971","AKTIP"
"ENSG00000166974","MAPRE2"
"ENSG00000166986","MARS1"
"ENSG00000166997","CNPY4"
"ENSG00000167004","PDIA3"
"ENSG00000167005","NUDT21"
"ENSG00000167081","PBX3"
"ENSG00000167110","GOLGA2"
"ENSG00000167112","TRUB2"
"ENSG00000167130","DOLPP1"
"ENSG00000167182","SP2"
"ENSG00000167186","COQ7"
"ENSG00000167196","FBXO22"
"ENSG00000167202","TBC1D2B"
"ENSG00000167220","HDHD2"
"ENSG00000167257","RNF214"
"ENSG00000167272","POP5"
"ENSG00000167315","ACAA2"
"ENSG00000167323","STIM1"
"ENSG00000167325","RRM1"
"ENSG00000167377","ZNF23"
"ENSG00000167384","ZNF180"
"ENSG00000167447","SMG8"
"ENSG00000167515","TRAPPC2L"
"ENSG00000167522","ANKRD11"
"ENSG00000167565","SERTAD3"
"ENSG00000167578","RAB4B"
"ENSG00000167615","LENG8"
"ENSG00000167632","TRAPPC9"
"ENSG00000167658","EEF2"
"ENSG00000167671","UBXN6"
"ENSG00000167699","GLOD4"
"ENSG00000167721","TSR1"
"ENSG00000167778","SPRYD3"
"ENSG00000167792","NDUFV1"
"ENSG00000167881","SRP68"
"ENSG00000167904","TMEM68"
"ENSG00000167925","GHDC"
"ENSG00000167965","MLST8"
"ENSG00000167969","ECI1"
"ENSG00000167977","KCTD5"
"ENSG00000167978","SRRM2"
"ENSG00000167985","SDHAF2"
"ENSG00000167986","DDB1"
"ENSG00000167996","FTH1"
"ENSG00000168000","BSCL2"
"ENSG00000168003","SLC3A2"
"ENSG00000168010","ATG16L2"
"ENSG00000168014","C2CD3"
"ENSG00000168036","CTNNB1"
"ENSG00000168066","SF1"
"ENSG00000168090","COPS6"
"ENSG00000168092","PAFAH1B2"
"ENSG00000168118","RAB4A"
"ENSG00000168137","SETD5"
"ENSG00000168172","HOOK3"
"ENSG00000168175","MAPK1IP1L"
"ENSG00000168214","RBPJ"
"ENSG00000168216","LMBRD1"
"ENSG00000168228","ZCCHC4"
"ENSG00000168246","UBTD2"
"ENSG00000168259","DNAJC7"
"ENSG00000168264","IRF2BP2"
"ENSG00000168273","UQCC5"
"ENSG00000168275","COA6"
"ENSG00000168283","BMI1"
"ENSG00000168288","MMADHC"
"ENSG00000168291","PDHB"
"ENSG00000168297","PXK"
"ENSG00000168300","PCMTD1"
"ENSG00000168303","MPLKIP"
"ENSG00000168310","IRF2"
"ENSG00000168374","ARF4"
"ENSG00000168385","SEPTIN2"
"ENSG00000168393","DTYMK"
"ENSG00000168394","TAP1"
"ENSG00000168395","ING5"
"ENSG00000168397","ATG4B"
"ENSG00000168434","COG7"
"ENSG00000168438","CDC40"
"ENSG00000168439","STIP1"
"ENSG00000168488","ATXN2L"
"ENSG00000168495","POLR3D"
"ENSG00000168522","FNTA"
"ENSG00000168538","TRAPPC11"
"ENSG00000168556","ING2"
"ENSG00000168564","CDKN2AIP"
"ENSG00000168566","SNRNP48"
"ENSG00000168569","TMEM223"
"ENSG00000168575","SLC20A2"
"ENSG00000168591","TMUB2"
"ENSG00000168610","STAT3"
"ENSG00000168615","ADAM9"
"ENSG00000168710","AHCYL1"
"ENSG00000168724","DNAJC21"
"ENSG00000168734","PKIG"
"ENSG00000168802","CHTF8"
"ENSG00000168803","ADAL"
"ENSG00000168813","ZNF507"
"ENSG00000168818","STX18"
"ENSG00000168826","ZBTB49"
"ENSG00000168827","GFM1"
"ENSG00000168883","USP39"
"ENSG00000168894","RNF181"
"ENSG00000168899","VAMP5"
"ENSG00000168904","LRRC28"
"ENSG00000168906","MAT2A"
"ENSG00000168924","LETM1"
"ENSG00000168958","MFF"
"ENSG00000169016","E2F6"
"ENSG00000169018","FEM1B"
"ENSG00000169019","COMMD8"
"ENSG00000169020","ATP5ME"
"ENSG00000169021","UQCRFS1"
"ENSG00000169032","MAP2K1"
"ENSG00000169045","HNRNPH1"
"ENSG00000169057","MECP2"
"ENSG00000169062","UPF3A"
"ENSG00000169087","HSPBAP1"
"ENSG00000169139","UBE2V2"
"ENSG00000169180","XPO6"
"ENSG00000169188","APEX2"
"ENSG00000169189","NSMCE1"
"ENSG00000169193","CCDC126"
"ENSG00000169223","LMAN2"
"ENSG00000169228","RAB24"
"ENSG00000169230","PRELID1"
"ENSG00000169231","THBS3"
"ENSG00000169241","SLC50A1"
"ENSG00000169249","ZRSR2"
"ENSG00000169251","NMD3"
"ENSG00000169288","MRPL1"
"ENSG00000169299","PGM2"
"ENSG00000169359","SLC33A1"
"ENSG00000169372","CRADD"
"ENSG00000169375","SIN3A"
"ENSG00000169398","PTK2"
"ENSG00000169410","PTPN9"
"ENSG00000169504","CLIC4"
"ENSG00000169519","METTL15"
"ENSG00000169564","PCBP1"
"ENSG00000169567","HINT1"
"ENSG00000169599","NFU1"
"ENSG00000169609","C15orf40"
"ENSG00000169612","RAMAC"
"ENSG00000169660","HEXD"
"ENSG00000169682","SPNS1"
"ENSG00000169714","CNBP"
"ENSG00000169718","DUS1L"
"ENSG00000169727","GPS1"
"ENSG00000169762","TAPT1"
"ENSG00000169764","UGP2"
"ENSG00000169813","HNRNPF"
"ENSG00000169814","BTD"
"ENSG00000169826","CSGALNACT2"
"ENSG00000169857","AVEN"
"ENSG00000169895","SYAP1"
"ENSG00000169905","TOR1AIP2"
"ENSG00000169925","BRD3"
"ENSG00000169957","ZNF768"
"ENSG00000169981","ZNF35"
"ENSG00000170004","CHD3"
"ENSG00000170017","ALCAM"
"ENSG00000170027","YWHAG"
"ENSG00000170035","UBE2E3"
"ENSG00000170037","CNTROB"
"ENSG00000170043","TRAPPC1"
"ENSG00000170085","SIMC1"
"ENSG00000170088","TMEM192"
"ENSG00000170144","HNRNPA3"
"ENSG00000170185","USP38"
"ENSG00000170222","ADPRM"
"ENSG00000170234","PWWP2A"
"ENSG00000170242","USP47"
"ENSG00000170248","PDCD6IP"
"ENSG00000170266","GLB1"
"ENSG00000170270","GON7"
"ENSG00000170275","CRTAP"
"ENSG00000170322","NFRKB"
"ENSG00000170340","B3GNT2"
"ENSG00000170345","FOS"
"ENSG00000170348","TMED10"
"ENSG00000170364","SETMAR"
"ENSG00000170430","MGMT"
"ENSG00000170445","HARS1"
"ENSG00000170448","NFXL1"
"ENSG00000170471","RALGAPB"
"ENSG00000170473","PYM1"
"ENSG00000170502","NUDT9"
"ENSG00000170515","PA2G4"
"ENSG00000170540","ARL6IP1"
"ENSG00000170542","SERPINB9"
"ENSG00000170581","STAT2"
"ENSG00000170584","NUDCD2"
"ENSG00000170606","HSPA4"
"ENSG00000170631","ZNF16"
"ENSG00000170632","ARMC10"
"ENSG00000170633","RNF34"
"ENSG00000170634","ACYP2"
"ENSG00000170653","ATF7"
"ENSG00000170734","POLH"
"ENSG00000170759","KIF5B"
"ENSG00000170791","CHCHD7"
"ENSG00000170836","PPM1D"
"ENSG00000170852","KBTBD2"
"ENSG00000170854","RIOX2"
"ENSG00000170855","TRIAP1"
"ENSG00000170860","LSM3"
"ENSG00000170871","KIAA0232"
"ENSG00000170876","TMEM43"
"ENSG00000170881","RNF139"
"ENSG00000170889","RPS9"
"ENSG00000170892","TSEN34"
"ENSG00000170903","MSANTD4"
"ENSG00000170906","NDUFA3"
"ENSG00000170949","ZNF160"
"ENSG00000170989","S1PR1"
"ENSG00000171055","FEZ2"
"ENSG00000171067","C11orf24"
"ENSG00000171097","KYAT1"
"ENSG00000171100","MTM1"
"ENSG00000171103","TRMT61B"
"ENSG00000171109","MFN1"
"ENSG00000171148","TADA3"
"ENSG00000171155","C1GALT1C1"
"ENSG00000171163","ZNF692"
"ENSG00000171174","RBKS"
"ENSG00000171202","TMEM126A"
"ENSG00000171204","TMEM126B"
"ENSG00000171206","TRIM8"
"ENSG00000171262","FAM98B"
"ENSG00000171307","ZDHHC16"
"ENSG00000171311","EXOSC1"
"ENSG00000171453","POLR1C"
"ENSG00000171456","ASXL1"
"ENSG00000171467","ZNF318"
"ENSG00000171490","RSL1D1"
"ENSG00000171497","PPID"
"ENSG00000171503","ETFDH"
"ENSG00000171530","TBCA"
"ENSG00000171566","PLRG1"
"ENSG00000171574","ZNF584"
"ENSG00000171603","CLSTN1"
"ENSG00000171604","CXXC5"
"ENSG00000171606","ZNF274"
"ENSG00000171634","BPTF"
"ENSG00000171681","ATF7IP"
"ENSG00000171720","HDAC3"
"ENSG00000171723","GPHN"
"ENSG00000171792","RHNO1"
"ENSG00000171793","CTPS1"
"ENSG00000171806","METTL18"
"ENSG00000171824","EXOSC10"
"ENSG00000171843","MLLT3"
"ENSG00000171853","TRAPPC12"
"ENSG00000171861","MRM3"
"ENSG00000171862","PTEN"
"ENSG00000171865","RNASEH1"
"ENSG00000171867","PRNP"
"ENSG00000171953","ATPAF2"
"ENSG00000171960","PPIH"
"ENSG00000171988","JMJD1C"
"ENSG00000172007","RAB33B"
"ENSG00000172046","USP19"
"ENSG00000172053","QARS1"
"ENSG00000172113","NME6"
"ENSG00000172239","PAIP1"
"ENSG00000172262","ZNF131"
"ENSG00000172269","DPAGT1"
"ENSG00000172273","HINFP"
"ENSG00000172292","CERS6"
"ENSG00000172301","COPRS"
"ENSG00000172315","TP53RK"
"ENSG00000172331","BPGM"
"ENSG00000172336","POP7"
"ENSG00000172340","SUCLG2"
"ENSG00000172354","GNB2"
"ENSG00000172409","CLP1"
"ENSG00000172432","GTPBP2"
"ENSG00000172456","FGGY"
"ENSG00000172465","TCEAL1"
"ENSG00000172466","ZNF24"
"ENSG00000172469","MANEA"
"ENSG00000172500","FIBP"
"ENSG00000172530","BANP"
"ENSG00000172531","PPP1CA"
"ENSG00000172534","HCFC1"
"ENSG00000172586","CHCHD1"
"ENSG00000172671","ZFAND4"
"ENSG00000172732","MUS81"
"ENSG00000172757","CFL1"
"ENSG00000172765","TMCC1"
"ENSG00000172766","NAA16"
"ENSG00000172775","PSME3IP1"
"ENSG00000172795","DCP2"
"ENSG00000172845","SP3"
"ENSG00000172869","DMXL1"
"ENSG00000172878","METAP1D"
"ENSG00000172888","ZNF621"
"ENSG00000172890","NADSYN1"
"ENSG00000172922","RNASEH2C"
"ENSG00000172936","MYD88"
"ENSG00000172939","OXSR1"
"ENSG00000172977","KAT5"
"ENSG00000173039","RELA"
"ENSG00000173085","COQ2"
"ENSG00000173120","KDM2A"
"ENSG00000173145","NOC3L"
"ENSG00000173163","COMMD1"
"ENSG00000173171","MTX1"
"ENSG00000173221","GLRX"
"ENSG00000173226","IQCB1"
"ENSG00000173230","GOLGB1"
"ENSG00000173402","DAG1"
"ENSG00000173409","ARV1"
"ENSG00000173418","NAA20"
"ENSG00000173436","MICOS10"
"ENSG00000173457","PPP1R14B"
"ENSG00000173473","SMARCC1"
"ENSG00000173545","ZNF622"
"ENSG00000173588","CEP83"
"ENSG00000173681","BCLAF3"
"ENSG00000173692","PSMD1"
"ENSG00000173726","TOMM20"
"ENSG00000173744","AGFG1"
"ENSG00000173757","STAT5B"
"ENSG00000173786","CNP"
"ENSG00000173812","EIF1"
"ENSG00000173848","NET1"
"ENSG00000173875","ZNF791"
"ENSG00000173905","GOLIM4"
"ENSG00000173914","RBM4B"
"ENSG00000173950","XXYLT1"
"ENSG00000173960","UBXN2A"
"ENSG00000173992","CCS"
"ENSG00000174106","LEMD3"
"ENSG00000174173","TRMT10C"
"ENSG00000174197","MGA"
"ENSG00000174206","KICS2"
"ENSG00000174227","PIGG"
"ENSG00000174231","PRPF8"
"ENSG00000174238","PITPNA"
"ENSG00000174243","DDX23"
"ENSG00000174282","ZBTB4"
"ENSG00000174306","ZHX3"
"ENSG00000174373","RALGAPA1"
"ENSG00000174405","LIG4"
"ENSG00000174428","GTF2IRD2B"
"ENSG00000174437","ATP2A2"
"ENSG00000174444","RPL4"
"ENSG00000174446","SNAPC5"
"ENSG00000174485","DENND4A"
"ENSG00000174547","MRPL11"
"ENSG00000174574","AKIRIN1"
"ENSG00000174579","MSL2"
"ENSG00000174606","ANGEL2"
"ENSG00000174718","RESF1"
"ENSG00000174720","LARP7"
"ENSG00000174738","NR1D2"
"ENSG00000174744","BRMS1"
"ENSG00000174748","RPL15"
"ENSG00000174780","SRP72"
"ENSG00000174796","THAP6"
"ENSG00000174839","DENND6A"
"ENSG00000174840","PDE12"
"ENSG00000174842","GLMN"
"ENSG00000174851","YIF1A"
"ENSG00000174886","NDUFA11"
"ENSG00000174891","RSRC1"
"ENSG00000174915","PTDSS2"
"ENSG00000174917","MICOS13"
"ENSG00000174953","DHX36"
"ENSG00000175048","ZDHHC14"
"ENSG00000175054","ATR"
"ENSG00000175066","GK5"
"ENSG00000175073","VCPIP1"
"ENSG00000175105","ZNF654"
"ENSG00000175110","MRPS22"
"ENSG00000175115","PACS1"
"ENSG00000175137","SH3BP5L"
"ENSG00000175166","PSMD2"
"ENSG00000175193","PARL"
"ENSG00000175197","DDIT3"
"ENSG00000175198","PCCA"
"ENSG00000175203","DCTN2"
"ENSG00000175215","CTDSP2"
"ENSG00000175216","CKAP5"
"ENSG00000175220","ARHGAP1"
"ENSG00000175224","ATG13"
"ENSG00000175283","DOLK"
"ENSG00000175309","PHYKPL"
"ENSG00000175324","LSM1"
"ENSG00000175334","BANF1"
"ENSG00000175354","PTPN2"
"ENSG00000175376","EIF1AD"
"ENSG00000175387","SMAD2"
"ENSG00000175390","EIF3F"
"ENSG00000175455","CCDC14"
"ENSG00000175467","SART1"
"ENSG00000175470","PPP2R2D"
"ENSG00000175550","DRAP1"
"ENSG00000175575","PAAF1"
"ENSG00000175581","MRPL48"
"ENSG00000175582","RAB6A"
"ENSG00000175634","RPS6KB2"
"ENSG00000175662","TOM1L2"
"ENSG00000175782","SLC35E3"
"ENSG00000175792","RUVBL1"
"ENSG00000175806","MSRA"
"ENSG00000175826","CTDNEP1"
"ENSG00000175854","SWI5"
"ENSG00000175970","UNC119B"
"ENSG00000176087","SLC35A4"
"ENSG00000176095","IP6K1"
"ENSG00000176101","SSNA1"
"ENSG00000176102","CSTF3"
"ENSG00000176105","YES1"
"ENSG00000176108","CHMP6"
"ENSG00000176142","TMEM39A"
"ENSG00000176171","BNIP3"
"ENSG00000176209","SMIM19"
"ENSG00000176225","RTTN"
"ENSG00000176390","CRLF3"
"ENSG00000176393","RNPEP"
"ENSG00000176396","EID2"
"ENSG00000176407","KCMF1"
"ENSG00000176444","CLK2"
"ENSG00000176473","WDR25"
"ENSG00000176476","SGF29"
"ENSG00000176533","GNG7"
"ENSG00000176623","RMDN1"
"ENSG00000176731","RBIS"
"ENSG00000176783","RUFY1"
"ENSG00000176853","FAM91A1"
"ENSG00000176871","WSB2"
"ENSG00000176894","PXMP2"
"ENSG00000176896","TCEANC"
"ENSG00000176903","PNMA1"
"ENSG00000176915","ANKLE2"
"ENSG00000176946","THAP4"
"ENSG00000176978","DPP7"
"ENSG00000176986","SEC24C"
"ENSG00000177042","TMEM80"
"ENSG00000177058","SLC38A9"
"ENSG00000177082","WDR73"
"ENSG00000177150","FAM210A"
"ENSG00000177156","TALDO1"
"ENSG00000177189","RPS6KA3"
"ENSG00000177200","CHD9"
"ENSG00000177239","MAN1B1"
"ENSG00000177302","TOP3A"
"ENSG00000177311","ZBTB38"
"ENSG00000177352","CCDC71"
"ENSG00000177370","TIMM22"
"ENSG00000177383","MAGEF1"
"ENSG00000177426","TGIF1"
"ENSG00000177479","ARIH2"
"ENSG00000177556","ATOX1"
"ENSG00000177565","TBL1XR1"
"ENSG00000177606","JUN"
"ENSG00000177646","ACAD9"
"ENSG00000177683","THAP5"
"ENSG00000177728","TMEM94"
"ENSG00000177731","FLII"
"ENSG00000177733","HNRNPA0"
"ENSG00000177830","CHID1"
"ENSG00000177885","GRB2"
"ENSG00000177917","ARL6IP6"
"ENSG00000177951","BET1L"
"ENSG00000177963","RIC8A"
"ENSG00000177971","IMP3"
"ENSG00000178028","DMAP1"
"ENSG00000178035","IMPDH2"
"ENSG00000178057","NDUFAF3"
"ENSG00000178105","DDX10"
"ENSG00000178149","DALRD3"
"ENSG00000178188","SH2B1"
"ENSG00000178234","GALNT11"
"ENSG00000178252","WDR6"
"ENSG00000178425","NT5DC1"
"ENSG00000178467","P4HTM"
"ENSG00000178537","SLC25A20"
"ENSG00000178567","EPM2AIP1"
"ENSG00000178691","SUZ12"
"ENSG00000178694","NSUN3"
"ENSG00000178761","FAM219B"
"ENSG00000178764","ZHX2"
"ENSG00000178802","MPI"
"ENSG00000178896","EXOSC4"
"ENSG00000178913","TAF7"
"ENSG00000178927","CYBC1"
"ENSG00000178950","GAK"
"ENSG00000178952","TUFM"
"ENSG00000178971","CTC1"
"ENSG00000178974","FBXO34"
"ENSG00000178980","SELENOW"
"ENSG00000178982","EIF3K"
"ENSG00000179021","C3orf38"
"ENSG00000179051","RCC2"
"ENSG00000179094","PER1"
"ENSG00000179115","FARSA"
"ENSG00000179151","EDC3"
"ENSG00000179152","TCAIM"
"ENSG00000179163","FUCA1"
"ENSG00000179195","ZNF664"
"ENSG00000179218","CALR"
"ENSG00000179222","MAGED1"
"ENSG00000179262","RAD23A"
"ENSG00000179295","PTPN11"
"ENSG00000179335","CLK3"
"ENSG00000179387","ELMOD2"
"ENSG00000179562","GCC1"
"ENSG00000179632","MAF1"
"ENSG00000179889","PDXDC1"
"ENSG00000179912","R3HDM2"
"ENSG00000179918","SEPHS2"
"ENSG00000179933","C14orf119"
"ENSG00000179941","BBS10"
"ENSG00000179950","PUF60"
"ENSG00000179981","TSHZ1"
"ENSG00000180008","SOCS4"
"ENSG00000180011","PTGR3"
"ENSG00000180098","TRNAU1AP"
"ENSG00000180182","MED14"
"ENSG00000180185","FAHD1"
"ENSG00000180228","PRKRA"
"ENSG00000180304","OAZ2"
"ENSG00000180346","TIGD2"
"ENSG00000180370","PAK2"
"ENSG00000180376","CCDC66"
"ENSG00000180398","MCFD2"
"ENSG00000180628","PCGF5"
"ENSG00000180776","ZDHHC20"
"ENSG00000180787","ZFP3"
"ENSG00000180817","PPA1"
"ENSG00000180822","PSMG4"
"ENSG00000180879","SSR4"
"ENSG00000180901","KCTD2"
"ENSG00000180957","PITPNB"
"ENSG00000180964","TCEAL8"
"ENSG00000180979","LRRC57"
"ENSG00000180992","MRPL14"
"ENSG00000181038","METTL23"
"ENSG00000181163","NPM1"
"ENSG00000181192","DHTKD1"
"ENSG00000181222","POLR2A"
"ENSG00000181315","ZNF322"
"ENSG00000181481","RNF135"
"ENSG00000181555","SETD2"
"ENSG00000181610","MRPS23"
"ENSG00000181788","SIAH2"
"ENSG00000181789","COPG1"
"ENSG00000181804","SLC9A9"
"ENSG00000181817","LSM10"
"ENSG00000181894","ZNF329"
"ENSG00000181904","C5orf24"
"ENSG00000181929","PRKAG1"
"ENSG00000181991","MRPS11"
"ENSG00000182054","IDH2"
"ENSG00000182134","TDRKH"
"ENSG00000182149","IST1"
"ENSG00000182150","ERCC6L2"
"ENSG00000182173","TSEN54"
"ENSG00000182180","MRPS16"
"ENSG00000182196","ARL6IP4"
"ENSG00000182197","EXT1"
"ENSG00000182199","SHMT2"
"ENSG00000182220","ATP6AP2"
"ENSG00000182247","UBE2E2"
"ENSG00000182362","YBEY"
"ENSG00000182400","TRAPPC6B"
"ENSG00000182446","NPLOC4"
"ENSG00000182473","EXOC7"
"ENSG00000182481","KPNA2"
"ENSG00000182484","WASH6P"
"ENSG00000182504","CEP97"
"ENSG00000182512","GLRX5"
"ENSG00000182518","VCF2"
"ENSG00000182541","LIMK2"
"ENSG00000182544","MFSD5"
"ENSG00000182551","ADI1"
"ENSG00000182552","RWDD4"
"ENSG00000182568","SATB1"
"ENSG00000182606","TRAK1"
"ENSG00000182628","SKA2"
"ENSG00000182670","TTC3"
"ENSG00000182768","NGRN"
"ENSG00000182774","RPS17"
"ENSG00000182810","DDX28"
"ENSG00000182827","ACBD3"
"ENSG00000182872","RBM10"
"ENSG00000182919","C11orf54"
"ENSG00000182923","CEP63"
"ENSG00000182934","SRPRA"
"ENSG00000182944","EWSR1"
"ENSG00000182973","CNOT10"
"ENSG00000182979","MTA1"
"ENSG00000183011","NAA38"
"ENSG00000183020","AP2A2"
"ENSG00000183060","LYSMD4"
"ENSG00000183255","PTTG1IP"
"ENSG00000183258","DDX41"
"ENSG00000183283","DAZAP2"
"ENSG00000183291","SELENOF"
"ENSG00000183340","JRKL"
"ENSG00000183354","BRD10"
"ENSG00000183401","CCDC159"
"ENSG00000183431","SF3A3"
"ENSG00000183513","COA5"
"ENSG00000183520","UTP11"
"ENSG00000183527","PSMG1"
"ENSG00000183576","SETD3"
"ENSG00000183605","SFXN4"
"ENSG00000183621","ZNF438"
"ENSG00000183624","HMCES"
"ENSG00000183665","TRMT12"
"ENSG00000183684","ALYREF"
"ENSG00000183726","TMEM50A"
"ENSG00000183735","TBK1"
"ENSG00000183826","BTBD9"
"ENSG00000183864","TOB2"
"ENSG00000183891","TTC32"
"ENSG00000183955","KMT5A"
"ENSG00000184007","PTP4A2"
"ENSG00000184014","DENND5A"
"ENSG00000184047","DIABLO"
"ENSG00000184056","VPS33B"
"ENSG00000184117","NIPSNAP1"
"ENSG00000184162","NR2C2AP"
"ENSG00000184164","CRELD2"
"ENSG00000184182","UBE2F"
"ENSG00000184203","PPP1R2"
"ENSG00000184205","TSPYL2"
"ENSG00000184207","PGP"
"ENSG00000184209","SNRNP35"
"ENSG00000184220","CMSS1"
"ENSG00000184277","TM2D3"
"ENSG00000184428","TOP1MT"
"ENSG00000184432","COPB2"
"ENSG00000184436","THAP7"
"ENSG00000184481","FOXO4"
"ENSG00000184575","XPOT"
"ENSG00000184634","MED12"
"ENSG00000184640","SEPTIN9"
"ENSG00000184708","EIF4ENIF1"
"ENSG00000184743","ATL3"
"ENSG00000184752","NDUFA12"
"ENSG00000184831","APOO"
"ENSG00000184857","TMEM186"
"ENSG00000184863","RBM33"
"ENSG00000184867","ARMCX2"
"ENSG00000184887","BTBD6"
"ENSG00000184898","RBM43"
"ENSG00000184924","PTRHD1"
"ENSG00000184939","ZFP90"
"ENSG00000184983","NDUFA6"
"ENSG00000185000","DGAT1"
"ENSG00000185009","AP3M1"
"ENSG00000185019","UBOX5"
"ENSG00000185043","CIB1"
"ENSG00000185104","FAF1"
"ENSG00000185122","HSF1"
"ENSG00000185236","RAB11B"
"ENSG00000185238","PRMT3"
"ENSG00000185246","PRPF39"
"ENSG00000185298","CCDC137"
"ENSG00000185324","CDK10"
"ENSG00000185344","ATP6V0A2"
"ENSG00000185359","HGS"
"ENSG00000185420","SMYD3"
"ENSG00000185432","TMT1A"
"ENSG00000185475","TMEM179B"
"ENSG00000185513","L3MBTL1"
"ENSG00000185515","BRCC3"
"ENSG00000185608","MRPL40"
"ENSG00000185624","P4HB"
"ENSG00000185627","PSMD13"
"ENSG00000185658","BRWD1"
"ENSG00000185722","ANKFY1"
"ENSG00000185728","YTHDF3"
"ENSG00000185753","CXorf38"
"ENSG00000185808","PIGP"
"ENSG00000185813","PCYT2"
"ENSG00000185825","BCAP31"
"ENSG00000185883","ATP6V0C"
"ENSG00000185885","IFITM1"
"ENSG00000185896","LAMP1"
"ENSG00000185909","KLHDC8B"
"ENSG00000185917","SETD4"
"ENSG00000185946","RNPC3"
"ENSG00000186001","LRCH3"
"ENSG00000186010","NDUFA13"
"ENSG00000186088","GSAP"
"ENSG00000186104","CYP2R1"
"ENSG00000186106","ANKRD46"
"ENSG00000186132","C2orf76"
"ENSG00000186153","WWOX"
"ENSG00000186166","CENATAC"
"ENSG00000186184","POLR1D"
"ENSG00000186272","ZNF17"
"ENSG00000186283","TOR3A"
"ENSG00000186298","PPP1CC"
"ENSG00000186318","BACE1"
"ENSG00000186352","ANKRD37"
"ENSG00000186395","KRT10"
"ENSG00000186416","NKRF"
"ENSG00000186432","KPNA4"
"ENSG00000186448","ZNF197"
"ENSG00000186468","RPS23"
"ENSG00000186470","BTN3A2"
"ENSG00000186480","INSIG1"
"ENSG00000186501","TMEM222"
"ENSG00000186522","SEPTIN10"
"ENSG00000186566","GPATCH8"
"ENSG00000186575","NF2"
"ENSG00000186591","UBE2H"
"ENSG00000186625","KATNA1"
"ENSG00000186635","ARAP1"
"ENSG00000186660","ZFP91"
"ENSG00000186687","LYRM7"
"ENSG00000186812","ZNF397"
"ENSG00000186815","TPCN1"
"ENSG00000186834","HEXIM1"
"ENSG00000186866","POFUT2"
"ENSG00000187049","TMEM216"
"ENSG00000187051","RPS19BP1"
"ENSG00000187097","ENTPD5"
"ENSG00000187109","NAP1L1"
"ENSG00000187147","RNF220"
"ENSG00000187231","SESTD1"
"ENSG00000187239","FNBP1"
"ENSG00000187257","RSBN1L"
"ENSG00000187446","CHP1"
"ENSG00000187555","USP7"
"ENSG00000187601","MAGEH1"
"ENSG00000187626","ZKSCAN4"
"ENSG00000187735","TCEA1"
"ENSG00000187742","SECISBP2"
"ENSG00000187764","SEMA4D"
"ENSG00000187778","MCRS1"
"ENSG00000187954","ZFTRAF1"
"ENSG00000188021","UBQLN2"
"ENSG00000188177","ZC3H6"
"ENSG00000188186","LAMTOR4"
"ENSG00000188313","PLSCR1"
"ENSG00000188315","C3orf62"
"ENSG00000188342","GTF2F2"
"ENSG00000188343","CIBAR1"
"ENSG00000188352","FOCAD"
"ENSG00000188529","SRSF10"
"ENSG00000188554","NBR1"
"ENSG00000188603","CLN3"
"ENSG00000188690","UROS"
"ENSG00000188706","ZDHHC9"
"ENSG00000188785","ZNF548"
"ENSG00000188811","NHLRC3"
"ENSG00000188938","FAM120AOS"
"ENSG00000188976","NOC2L"
"ENSG00000188986","NELFB"
"ENSG00000188994","ZNF292"
"ENSG00000189007","ADAT2"
"ENSG00000189043","NDUFA4"
"ENSG00000189046","ALKBH2"
"ENSG00000189050","RNFT1"
"ENSG00000189058","APOD"
"ENSG00000189060","H1-0"
"ENSG00000189067","LITAF"
"ENSG00000189077","TMEM120A"
"ENSG00000189079","ARID2"
"ENSG00000189091","SF3B3"
"ENSG00000189171","S100A13"
"ENSG00000189241","TSPYL1"
"ENSG00000189298","ZKSCAN3"
"ENSG00000189376","C8orf76"
"ENSG00000196116","TDRD7"
"ENSG00000196141","SPATS2L"
"ENSG00000196150","ZNF250"
"ENSG00000196151","WDSUB1"
"ENSG00000196152","ZNF79"
"ENSG00000196177","ACADSB"
"ENSG00000196182","STK40"
"ENSG00000196199","MPHOSPH8"
"ENSG00000196235","SUPT5H"
"ENSG00000196267","ZNF836"
"ENSG00000196284","SUPT3H"
"ENSG00000196290","NIF3L1"
"ENSG00000196305","IARS1"
"ENSG00000196323","ZBTB44"
"ENSG00000196352","CD55"
"ENSG00000196367","TRRAP"
"ENSG00000196387","ZNF140"
"ENSG00000196405","EVL"
"ENSG00000196419","XRCC6"
"ENSG00000196455","PIK3R4"
"ENSG00000196459","TRAPPC2"
"ENSG00000196465","MYL6B"
"ENSG00000196470","SIAH1"
"ENSG00000196504","PRPF40A"
"ENSG00000196505","GDAP2"
"ENSG00000196510","ANAPC7"
"ENSG00000196531","NACA"
"ENSG00000196535","MYO18A"
"ENSG00000196547","MAN2A2"
"ENSG00000196562","SULF2"
"ENSG00000196586","MYO6"
"ENSG00000196591","HDAC2"
"ENSG00000196605","ZNF846"
"ENSG00000196652","ZKSCAN5"
"ENSG00000196655","TRAPPC4"
"ENSG00000196670","ZFP62"
"ENSG00000196683","TOMM7"
"ENSG00000196704","AMZ2"
"ENSG00000196712","NF1"
"ENSG00000196776","CD47"
"ENSG00000196781","TLE1"
"ENSG00000196792","STRN3"
"ENSG00000196821","ILRUN"
"ENSG00000196914","ARHGEF12"
"ENSG00000196937","FAM3C"
"ENSG00000196943","NOP9"
"ENSG00000196961","AP2A1"
"ENSG00000196968","FUT11"
"ENSG00000196975","ANXA4"
"ENSG00000196981","WDR5B"
"ENSG00000196998","WDR45"
"ENSG00000197043","ANXA6"
"ENSG00000197062","ZSCAN26"
"ENSG00000197081","IGF2R"
"ENSG00000197157","SND1"
"ENSG00000197170","PSMD12"
"ENSG00000197217","ENTPD4"
"ENSG00000197223","C1D"
"ENSG00000197226","TBC1D9B"
"ENSG00000197265","GTF2E2"
"ENSG00000197324","LRP10"
"ENSG00000197329","PELI1"
"ENSG00000197345","MRPL21"
"ENSG00000197375","SLC22A5"
"ENSG00000197386","HTT"
"ENSG00000197429","IPP"
"ENSG00000197442","MAP3K5"
"ENSG00000197448","GSTK1"
"ENSG00000197451","HNRNPAB"
"ENSG00000197498","RPF2"
"ENSG00000197535","MYO5A"
"ENSG00000197548","ATG7"
"ENSG00000197563","PIGN"
"ENSG00000197579","TOPORS"
"ENSG00000197586","ENTPD6"
"ENSG00000197601","FAR1"
"ENSG00000197603","CPLANE1"
"ENSG00000197620","EOLA1"
"ENSG00000197622","CDC42SE1"
"ENSG00000197694","SPTAN1"
"ENSG00000197713","RPE"
"ENSG00000197724","PHF2"
"ENSG00000197746","PSAP"
"ENSG00000197771","MCMBP"
"ENSG00000197798","FAM118B"
"ENSG00000197818","SLC9A8"
"ENSG00000197885","NKIRAS1"
"ENSG00000197892","KIF13B"
"ENSG00000197894","ADH5"
"ENSG00000197912","SPG7"
"ENSG00000197930","ERO1A"
"ENSG00000197956","S100A6"
"ENSG00000197965","MPZL1"
"ENSG00000197969","VPS13A"
"ENSG00000197976","AKAP17A"
"ENSG00000198000","NOL8"
"ENSG00000198026","ZNF335"
"ENSG00000198040","ZNF84"
"ENSG00000198042","MAK16"
"ENSG00000198060","MARCHF5"
"ENSG00000198081","ZBTB14"
"ENSG00000198087","CD2AP"
"ENSG00000198105","ZNF248"
"ENSG00000198130","HIBCH"
"ENSG00000198146","ZNF770"
"ENSG00000198160","MIER1"
"ENSG00000198162","MAN1A2"
"ENSG00000198168","SVIP"
"ENSG00000198169","ZNF251"
"ENSG00000198171","DDRGK1"
"ENSG00000198176","TFDP1"
"ENSG00000198189","HSD17B11"
"ENSG00000198198","SZT2"
"ENSG00000198218","QRICH1"
"ENSG00000198231","DDX42"
"ENSG00000198252","STYX"
"ENSG00000198265","HELZ"
"ENSG00000198276","UCKL1"
"ENSG00000198301","SDAD1"
"ENSG00000198331","HYLS1"
"ENSG00000198356","GET3"
"ENSG00000198363","ASPH"
"ENSG00000198373","WWP2"
"ENSG00000198380","GFPT1"
"ENSG00000198382","UVRAG"
"ENSG00000198399","ITSN2"
"ENSG00000198408","OGA"
"ENSG00000198431","TXNRD1"
"ENSG00000198467","TPM2"
"ENSG00000198492","YTHDF2"
"ENSG00000198498","TMA16"
"ENSG00000198522","GPN1"
"ENSG00000198561","CTNND1"
"ENSG00000198585","NUDT16"
"ENSG00000198589","LRBA"
"ENSG00000198612","COPS8"
"ENSG00000198625","MDM4"
"ENSG00000198642","KLHL9"
"ENSG00000198646","NCOA6"
"ENSG00000198663","C6orf89"
"ENSG00000198668","CALM1"
"ENSG00000198689","SLC9A6"
"ENSG00000198690","FAN1"
"ENSG00000198700","IPO9"
"ENSG00000198707","CEP290"
"ENSG00000198715","GLMP"
"ENSG00000198718","TOGARAM1"
"ENSG00000198721","ECI2"
"ENSG00000198722","UNC13B"
"ENSG00000198728","LDB1"
"ENSG00000198730","CTR9"
"ENSG00000198742","SMURF1"
"ENSG00000198746","GPATCH3"
"ENSG00000198752","CDC42BPB"
"ENSG00000198783","ZNF830"
"ENSG00000198791","CNOT7"
"ENSG00000198792","TMEM184B"
"ENSG00000198793","MTOR"
"ENSG00000198799","LRIG2"
"ENSG00000198815","FOXJ3"
"ENSG00000198816","ZNF358"
"ENSG00000198818","SFT2D1"
"ENSG00000198824","CHAMP1"
"ENSG00000198825","INPP5F"
"ENSG00000198833","UBE2J1"
"ENSG00000198836","OPA1"
"ENSG00000198839","ZNF277"
"ENSG00000198856","OSTC"
"ENSG00000198858","R3HDM4"
"ENSG00000198860","TSEN15"
"ENSG00000198862","LTN1"
"ENSG00000198863","RUNDC1"
"ENSG00000198873","GRK5"
"ENSG00000198876","DCAF12"
"ENSG00000198898","CAPZA2"
"ENSG00000198900","TOP1"
"ENSG00000198909","MAP3K3"
"ENSG00000198911","SREBF2"
"ENSG00000198912","C1orf174"
"ENSG00000198919","DZIP3"
"ENSG00000198920","KIAA0753"
"ENSG00000198924","DCLRE1A"
"ENSG00000198925","ATG9A"
"ENSG00000198937","CCDC167"
"ENSG00000198945","L3MBTL3"
"ENSG00000198952","SMG5"
"ENSG00000198954","KIFBP"
"ENSG00000198960","ARMCX6"
"ENSG00000198961","PJA2"
"ENSG00000198964","SGMS1"
"ENSG00000203666","EFCAB2"
"ENSG00000203705","TATDN3"
"ENSG00000203791","EEF1AKMT2"
"ENSG00000203879","GDI1"
"ENSG00000203880","PCMTD2"
"ENSG00000204084","INPP5B"
"ENSG00000204104","TRAF3IP1"
"ENSG00000204120","GIGYF2"
"ENSG00000204178","MACO1"
"ENSG00000204209","DAXX"
"ENSG00000204217","BMPR2"
"ENSG00000204220","PFDN6"
"ENSG00000204227","RING1"
"ENSG00000204228","HSD17B8"
"ENSG00000204231","RXRB"
"ENSG00000204256","BRD2"
"ENSG00000204257","HLA-DMA"
"ENSG00000204267","TAP2"
"ENSG00000204316","MRPL38"
"ENSG00000204406","MBD5"
"ENSG00000204519","ZNF551"
"ENSG00000204560","DHX16"
"ENSG00000204564","C6orf136"
"ENSG00000204568","MRPS18B"
"ENSG00000204569","PPP1R10"
"ENSG00000204574","ABCF1"
"ENSG00000204580","DDR1"
"ENSG00000204590","GNL1"
"ENSG00000204599","TRIM39"
"ENSG00000204628","RACK1"
"ENSG00000204634","TBC1D8"
"ENSG00000204713","TRIM27"
"ENSG00000204842","ATXN2"
"ENSG00000204843","DCTN1"
"ENSG00000204852","TCTN1"
"ENSG00000204856","FAM216A"
"ENSG00000204859","ZBTB48"
"ENSG00000204899","MZT1"
"ENSG00000204946","ZNF783"
"ENSG00000204977","TRIM13"
"ENSG00000205220","PSMB10"
"ENSG00000205250","E2F4"
"ENSG00000205268","PDE7A"
"ENSG00000205302","SNX2"
"ENSG00000205323","SARNP"
"ENSG00000205339","IPO7"
"ENSG00000205423","CNEP1R1"
"ENSG00000205531","NAP1L4"
"ENSG00000205544","TMEM256"
"ENSG00000205629","LCMT1"
"ENSG00000205726","ITSN1"
"ENSG00000205758","CRYZL1"
"ENSG00000205765","RIMOC1"
"ENSG00000205937","RNPS1"
"ENSG00000206418","RAB12"
"ENSG00000206527","HACD2"
"ENSG00000206560","ANKRD28"
"ENSG00000206562","METTL6"
"ENSG00000211455","STK38L"
"ENSG00000211456","SACM1L"
"ENSG00000211460","TSN"
"ENSG00000213066","CEP43"
"ENSG00000213079","SCAF8"
"ENSG00000213281","NRAS"
"ENSG00000213341","CHUK"
"ENSG00000213380","COG8"
"ENSG00000213398","LCAT"
"ENSG00000213463","SYNJ2BP"
"ENSG00000213465","ARL2"
"ENSG00000213523","SRA1"
"ENSG00000213533","STIMATE"
"ENSG00000213585","VDAC1"
"ENSG00000213593","TMX2"
"ENSG00000213614","HEXA"
"ENSG00000213619","NDUFS3"
"ENSG00000213625","LEPROT"
"ENSG00000213626","LBH"
"ENSG00000213639","PPP1CB"
"ENSG00000213780","GTF2H4"
"ENSG00000213920","MDP1"
"ENSG00000213923","CSNK1E"
"ENSG00000213928","IRF9"
"ENSG00000213977","TAX1BP3"
"ENSG00000213995","NAXD"
"ENSG00000214078","CPNE1"
"ENSG00000214087","ARL16"
"ENSG00000214160","ALG3"
"ENSG00000214253","FIS1"
"ENSG00000214367","HAUS3"
"ENSG00000214517","PPME1"
"ENSG00000214530","STARD10"
"ENSG00000214655","ZSWIM8"
"ENSG00000214753","HNRNPUL2"
"ENSG00000214827","MTCP1"
"ENSG00000214941","ZSWIM7"
"ENSG00000215041","NEURL4"
"ENSG00000215114","UBXN2B"
"ENSG00000215301","DDX3X"
"ENSG00000215305","VPS16"
"ENSG00000215712","TMEM242"
"ENSG00000215717","TMEM167B"
"ENSG00000217555","CKLF"
"ENSG00000218739","CEBPZOS"
"ENSG00000219545","UMAD1"
"ENSG00000219626","FAM228B"
"ENSG00000221823","PPP3R1"
"ENSG00000221829","FANCG"
"ENSG00000221838","AP4M1"
"ENSG00000221914","PPP2R2A"
"ENSG00000221978","CCNL2"
"ENSG00000222011","FAM185A"
"ENSG00000223501","VPS52"
"ENSG00000224531","SMIM13"
"ENSG00000225830","ERCC6"
"ENSG00000225921","NOL7"
"ENSG00000226742","HSBP1L1"
"ENSG00000227057","WDR46"
"ENSG00000227345","PARG"
"ENSG00000228474","OST4"
"ENSG00000229833","PET100"
"ENSG00000230124","ACBD6"
"ENSG00000230989","HSBP1"
"ENSG00000231925","TAPBP"
"ENSG00000232119","MCTS1"
"ENSG00000232859","LYRM9"
"ENSG00000234127","TRIM26"
"ENSG00000236104","ZBTB22"
"ENSG00000237441","RGL2"
"ENSG00000239264","TXNDC5"
"ENSG00000239305","RNF103"
"ENSG00000239306","RBM14"
"ENSG00000239382","ALKBH6"
"ENSG00000239672","NME1"
"ENSG00000239697","TNFSF12"
"ENSG00000239779","WBP1"
"ENSG00000240303","ACAD11"
"ENSG00000240682","ISY1"
"ENSG00000240857","RDH14"
"ENSG00000241058","NSUN6"
"ENSG00000241343","RPL36A"
"ENSG00000241399","CD302"
"ENSG00000241553","ARPC4"
"ENSG00000241837","ATP5PO"
"ENSG00000241973","PI4KA"
"ENSG00000242028","HYPK"
"ENSG00000242247","ARFGAP3"
"ENSG00000242372","EIF6"
"ENSG00000242485","MRPL20"
"ENSG00000242616","GNG10"
"ENSG00000243646","IL10RB"
"ENSG00000243667","DNAAF10"
"ENSG00000243725","TTC4"
"ENSG00000243943","ZNF512"
"ENSG00000243989","ACY1"
"ENSG00000244005","NFS1"
"ENSG00000244038","DDOST"
"ENSG00000244187","TMEM141"
"ENSG00000244274","DBNDD2"
"ENSG00000244754","N4BP2L2"
"ENSG00000245680","ZNF585B"
"ENSG00000248333","CDK11B"
"ENSG00000249709","ZNF564"
"ENSG00000251192","ZNF674"
"ENSG00000253719","ATXN7L3B"
"ENSG00000253729","PRKDC"
"ENSG00000253797","UTP14C"
"ENSG00000254093","PINX1"
"ENSG00000254772","EEF1G"
"ENSG00000255302","EID1"
"ENSG00000255529","POLR2M"
"ENSG00000256043","CTSO"
"ENSG00000256053","COA8"
"ENSG00000256223","ZNF10"
"ENSG00000256269","HMBS"
"ENSG00000256525","POLG2"
"ENSG00000256683","ZNF350"
"ENSG00000257103","LSM14A"
"ENSG00000257365","FNTB"
"ENSG00000257727","CNPY2"
"ENSG00000257923","CUX1"
"ENSG00000258289","CHURC1"
"ENSG00000258315","C17orf49"
"ENSG00000258890","CEP95"
"ENSG00000259494","MRPL46"
"ENSG00000259956","RBM15B"
"ENSG00000260916","CCPG1"
"ENSG00000262814","MRPL12"
"ENSG00000262919","CCNQ"
"ENSG00000263001","GTF2I"
"ENSG00000263002","ZNF234"
"ENSG00000264522","OTUD7B"
"ENSG00000265354","TIMM23"
"ENSG00000266173","STRADA"
"ENSG00000266412","NCOA4"
"ENSG00000266967","AARSD1"
"ENSG00000267796","LIN37"
"ENSG00000269556","TMEM185A"
"ENSG00000269858","EGLN2"
"ENSG00000270647","TAF15"
"ENSG00000272325","NUDT3"
"ENSG00000273559","CWC25"
"ENSG00000273749","CYFIP1"
"ENSG00000273841","TAF9"
"ENSG00000274523","RCC1L"
"ENSG00000275052","PPP4R3B"
"ENSG00000275066","SYNRG"
"ENSG00000275700","AATF"
"ENSG00000275835","TUBGCP5"
"ENSG00000276234","TADA2A"
"ENSG00000276293","PIP4K2B"
"ENSG00000277149","TYW1B"
"ENSG00000277791","PSMB3"
"ENSG00000278053","DDX52"
"ENSG00000278259","MYO19"
"ENSG00000278311","GGNBP2"
"ENSG00000278845","MRPL45"
